
CREATE TABLE IF NOT EXISTS "django_migrations" ("id" integer NOT NULL PRIMARY KEY SERIAL, "app" varchar(255) NOT NULL, "name" varchar(255) NOT NULL, "applied" datetime NOT NULL);
INSERT INTO django_migrations VALUES(1,'contenttypes','0001_initial','2025-02-02 16:38:25.435321');
INSERT INTO django_migrations VALUES(2,'contenttypes','0002_remove_content_type_name','2025-02-02 16:38:25.447300');
INSERT INTO django_migrations VALUES(3,'auth','0001_initial','2025-02-02 16:38:25.467492');
INSERT INTO django_migrations VALUES(4,'auth','0002_alter_permission_name_max_length','2025-02-02 16:38:25.479052');
INSERT INTO django_migrations VALUES(5,'auth','0003_alter_user_email_max_length','2025-02-02 16:38:25.489053');
INSERT INTO django_migrations VALUES(6,'auth','0004_alter_user_username_opts','2025-02-02 16:38:25.496822');
INSERT INTO django_migrations VALUES(7,'auth','0005_alter_user_last_login_null','2025-02-02 16:38:25.506562');
INSERT INTO django_migrations VALUES(8,'auth','0006_require_contenttypes_0002','2025-02-02 16:38:25.510346');
INSERT INTO django_migrations VALUES(9,'auth','0007_alter_validators_add_error_messages','2025-02-02 16:38:25.516958');
INSERT INTO django_migrations VALUES(10,'auth','0008_alter_user_username_max_length','2025-02-02 16:38:25.526256');
INSERT INTO django_migrations VALUES(11,'auth','0009_alter_user_last_name_max_length','2025-02-02 16:38:25.537898');
INSERT INTO django_migrations VALUES(12,'auth','0010_alter_group_name_max_length','2025-02-02 16:38:25.547093');
INSERT INTO django_migrations VALUES(13,'auth','0011_update_proxy_permissions','2025-02-02 16:38:25.557247');
INSERT INTO django_migrations VALUES(14,'auth','0012_alter_user_first_name_max_length','2025-02-02 16:38:25.564298');
INSERT INTO django_migrations VALUES(15,'accounts','0001_initial','2025-02-02 16:38:25.581526');
INSERT INTO django_migrations VALUES(16,'admin','0001_initial','2025-02-02 16:38:25.598537');
INSERT INTO django_migrations VALUES(17,'admin','0002_logentry_remove_auto_add','2025-02-02 16:38:25.613907');
INSERT INTO django_migrations VALUES(18,'admin','0003_logentry_add_action_flag_choices','2025-02-02 16:38:25.626753');
INSERT INTO django_migrations VALUES(19,'api','0001_initial','2025-02-02 16:38:25.632039');
INSERT INTO django_migrations VALUES(20,'sessions','0001_initial','2025-02-02 16:38:25.641891');
INSERT INTO django_migrations VALUES(21,'token_blacklist','0001_initial','2025-02-03 14:33:42.342623');
INSERT INTO django_migrations VALUES(22,'token_blacklist','0002_outstandingtoken_jti_hex','2025-02-03 14:33:42.350072');
INSERT INTO django_migrations VALUES(23,'token_blacklist','0003_auto_20171017_2007','2025-02-03 14:33:42.358029');
INSERT INTO django_migrations VALUES(24,'token_blacklist','0004_auto_20171017_2013','2025-02-03 14:33:42.365618');
INSERT INTO django_migrations VALUES(25,'token_blacklist','0005_remove_outstandingtoken_jti','2025-02-03 14:33:42.373123');
INSERT INTO django_migrations VALUES(26,'token_blacklist','0006_auto_20171017_2113','2025-02-03 14:33:42.379551');
INSERT INTO django_migrations VALUES(27,'token_blacklist','0007_auto_20171017_2214','2025-02-03 14:33:42.394227');
INSERT INTO django_migrations VALUES(28,'token_blacklist','0008_migrate_to_bigautofield','2025-02-03 14:33:42.406551');
INSERT INTO django_migrations VALUES(29,'token_blacklist','0010_fix_migrate_to_bigautofield','2025-02-03 14:33:42.419138');
INSERT INTO django_migrations VALUES(30,'token_blacklist','0011_linearizes_history','2025-02-03 14:33:42.420206');
INSERT INTO django_migrations VALUES(31,'token_blacklist','0012_alter_outstandingtoken_user','2025-02-03 14:33:42.425883');
INSERT INTO django_migrations VALUES(32,'accounts','0002_blacklistedtoken','2025-02-03 16:36:37.818755');
INSERT INTO django_migrations VALUES(33,'market','0001_initial','2025-02-03 16:36:37.860028');
INSERT INTO django_migrations VALUES(34,'accounts','0003_alter_user_username','2025-03-01 16:04:34.170061');
INSERT INTO django_migrations VALUES(35,'accounts','0004_role_user_image_user_name_alter_user_username_and_more','2025-03-01 17:52:40.531464');
INSERT INTO django_migrations VALUES(36,'accounts','0005_alter_user_username','2025-03-01 18:25:08.205759');
INSERT INTO django_migrations VALUES(37,'accounts','0006_alter_user_username','2025-03-01 18:44:22.985972');
INSERT INTO django_migrations VALUES(38,'accounts','0007_remove_user_name','2025-03-01 18:55:48.962395');
CREATE TABLE IF NOT EXISTS "django_content_type" ("id" integer NOT NULL PRIMARY KEY SERIAL, "app_label" varchar(100) NOT NULL, "model" varchar(100) NOT NULL);
INSERT INTO django_content_type VALUES(1,'admin','logentry');
INSERT INTO django_content_type VALUES(2,'auth','permission');
INSERT INTO django_content_type VALUES(3,'auth','group');
INSERT INTO django_content_type VALUES(4,'contenttypes','contenttype');
INSERT INTO django_content_type VALUES(5,'sessions','session');
INSERT INTO django_content_type VALUES(6,'api','plant');
INSERT INTO django_content_type VALUES(7,'accounts','user');
INSERT INTO django_content_type VALUES(8,'token_blacklist','blacklistedtoken');
INSERT INTO django_content_type VALUES(9,'token_blacklist','outstandingtoken');
INSERT INTO django_content_type VALUES(10,'accounts','blacklistedtoken');
INSERT INTO django_content_type VALUES(11,'market','paymentmethod');
INSERT INTO django_content_type VALUES(12,'market','product');
INSERT INTO django_content_type VALUES(13,'market','payment');
INSERT INTO django_content_type VALUES(14,'market','category');
INSERT INTO django_content_type VALUES(15,'market','orderitem');
INSERT INTO django_content_type VALUES(16,'market','order');
INSERT INTO django_content_type VALUES(17,'accounts','role');
CREATE TABLE IF NOT EXISTS "auth_group_permissions" ("id" integer NOT NULL PRIMARY KEY SERIAL, "group_id" integer NOT NULL REFERENCES "auth_group" ("id") DEFERRABLE INITIALLY DEFERRED, "permission_id" integer NOT NULL REFERENCES "auth_permission" ("id") DEFERRABLE INITIALLY DEFERRED);
CREATE TABLE IF NOT EXISTS "auth_permission" ("id" integer NOT NULL PRIMARY KEY SERIAL, "content_type_id" integer NOT NULL REFERENCES "django_content_type" ("id") DEFERRABLE INITIALLY DEFERRED, "codename" varchar(100) NOT NULL, "name" varchar(255) NOT NULL);
INSERT INTO auth_permission VALUES(1,1,'add_logentry','Can add log entry');
INSERT INTO auth_permission VALUES(2,1,'change_logentry','Can change log entry');
INSERT INTO auth_permission VALUES(3,1,'delete_logentry','Can delete log entry');
INSERT INTO auth_permission VALUES(4,1,'view_logentry','Can view log entry');
INSERT INTO auth_permission VALUES(5,2,'add_permission','Can add permission');
INSERT INTO auth_permission VALUES(6,2,'change_permission','Can change permission');
INSERT INTO auth_permission VALUES(7,2,'delete_permission','Can delete permission');
INSERT INTO auth_permission VALUES(8,2,'view_permission','Can view permission');
INSERT INTO auth_permission VALUES(9,3,'add_group','Can add group');
INSERT INTO auth_permission VALUES(10,3,'change_group','Can change group');
INSERT INTO auth_permission VALUES(11,3,'delete_group','Can delete group');
INSERT INTO auth_permission VALUES(12,3,'view_group','Can view group');
INSERT INTO auth_permission VALUES(13,4,'add_contenttype','Can add content type');
INSERT INTO auth_permission VALUES(14,4,'change_contenttype','Can change content type');
INSERT INTO auth_permission VALUES(15,4,'delete_contenttype','Can delete content type');
INSERT INTO auth_permission VALUES(16,4,'view_contenttype','Can view content type');
INSERT INTO auth_permission VALUES(17,5,'add_session','Can add session');
INSERT INTO auth_permission VALUES(18,5,'change_session','Can change session');
INSERT INTO auth_permission VALUES(19,5,'delete_session','Can delete session');
INSERT INTO auth_permission VALUES(20,5,'view_session','Can view session');
INSERT INTO auth_permission VALUES(21,6,'add_plant','Can add Plante');
INSERT INTO auth_permission VALUES(22,6,'change_plant','Can change Plante');
INSERT INTO auth_permission VALUES(23,6,'delete_plant','Can delete Plante');
INSERT INTO auth_permission VALUES(24,6,'view_plant','Can view Plante');
INSERT INTO auth_permission VALUES(25,7,'add_user','Can add user');
INSERT INTO auth_permission VALUES(26,7,'change_user','Can change user');
INSERT INTO auth_permission VALUES(27,7,'delete_user','Can delete user');
INSERT INTO auth_permission VALUES(28,7,'view_user','Can view user');
INSERT INTO auth_permission VALUES(29,8,'add_blacklistedtoken','Can add blacklisted token');
INSERT INTO auth_permission VALUES(30,8,'change_blacklistedtoken','Can change blacklisted token');
INSERT INTO auth_permission VALUES(31,8,'delete_blacklistedtoken','Can delete blacklisted token');
INSERT INTO auth_permission VALUES(32,8,'view_blacklistedtoken','Can view blacklisted token');
INSERT INTO auth_permission VALUES(33,9,'add_outstandingtoken','Can add outstanding token');
INSERT INTO auth_permission VALUES(34,9,'change_outstandingtoken','Can change outstanding token');
INSERT INTO auth_permission VALUES(35,9,'delete_outstandingtoken','Can delete outstanding token');
INSERT INTO auth_permission VALUES(36,9,'view_outstandingtoken','Can view outstanding token');
INSERT INTO auth_permission VALUES(37,10,'add_blacklistedtoken','Can add blacklisted token');
INSERT INTO auth_permission VALUES(38,10,'change_blacklistedtoken','Can change blacklisted token');
INSERT INTO auth_permission VALUES(39,10,'delete_blacklistedtoken','Can delete blacklisted token');
INSERT INTO auth_permission VALUES(40,10,'view_blacklistedtoken','Can view blacklisted token');
INSERT INTO auth_permission VALUES(41,11,'add_paymentmethod','Can add payment method');
INSERT INTO auth_permission VALUES(42,11,'change_paymentmethod','Can change payment method');
INSERT INTO auth_permission VALUES(43,11,'delete_paymentmethod','Can delete payment method');
INSERT INTO auth_permission VALUES(44,11,'view_paymentmethod','Can view payment method');
INSERT INTO auth_permission VALUES(45,12,'add_product','Can add product');
INSERT INTO auth_permission VALUES(46,12,'change_product','Can change product');
INSERT INTO auth_permission VALUES(47,12,'delete_product','Can delete product');
INSERT INTO auth_permission VALUES(48,12,'view_product','Can view product');
INSERT INTO auth_permission VALUES(49,13,'add_payment','Can add payment');
INSERT INTO auth_permission VALUES(50,13,'change_payment','Can change payment');
INSERT INTO auth_permission VALUES(51,13,'delete_payment','Can delete payment');
INSERT INTO auth_permission VALUES(52,13,'view_payment','Can view payment');
INSERT INTO auth_permission VALUES(53,14,'add_category','Can add category');
INSERT INTO auth_permission VALUES(54,14,'change_category','Can change category');
INSERT INTO auth_permission VALUES(55,14,'delete_category','Can delete category');
INSERT INTO auth_permission VALUES(56,14,'view_category','Can view category');
INSERT INTO auth_permission VALUES(57,15,'add_orderitem','Can add order item');
INSERT INTO auth_permission VALUES(58,15,'change_orderitem','Can change order item');
INSERT INTO auth_permission VALUES(59,15,'delete_orderitem','Can delete order item');
INSERT INTO auth_permission VALUES(60,15,'view_orderitem','Can view order item');
INSERT INTO auth_permission VALUES(61,16,'add_order','Can add order');
INSERT INTO auth_permission VALUES(62,16,'change_order','Can change order');
INSERT INTO auth_permission VALUES(63,16,'delete_order','Can delete order');
INSERT INTO auth_permission VALUES(64,16,'view_order','Can view order');
INSERT INTO auth_permission VALUES(65,17,'add_role','Can add role');
INSERT INTO auth_permission VALUES(66,17,'change_role','Can change role');
INSERT INTO auth_permission VALUES(67,17,'delete_role','Can delete role');
INSERT INTO auth_permission VALUES(68,17,'view_role','Can view role');
CREATE TABLE IF NOT EXISTS "auth_group" ("id" integer NOT NULL PRIMARY KEY SERIAL, "name" varchar(150) NOT NULL UNIQUE);
CREATE TABLE IF NOT EXISTS "accounts_user_groups" ("id" integer NOT NULL PRIMARY KEY SERIAL, "user_id" bigint NOT NULL REFERENCES "accounts_user" ("id") DEFERRABLE INITIALLY DEFERRED, "group_id" integer NOT NULL REFERENCES "auth_group" ("id") DEFERRABLE INITIALLY DEFERRED);
CREATE TABLE IF NOT EXISTS "accounts_user_user_permissions" ("id" integer NOT NULL PRIMARY KEY SERIAL, "user_id" bigint NOT NULL REFERENCES "accounts_user" ("id") DEFERRABLE INITIALLY DEFERRED, "permission_id" integer NOT NULL REFERENCES "auth_permission" ("id") DEFERRABLE INITIALLY DEFERRED);
CREATE TABLE IF NOT EXISTS "django_admin_log" ("id" integer NOT NULL PRIMARY KEY SERIAL, "object_id" text NULL, "object_repr" varchar(200) NOT NULL, "action_flag" smallint unsigned NOT NULL CHECK ("action_flag" >= 0), "change_message" text NOT NULL, "content_type_id" integer NULL REFERENCES "django_content_type" ("id") DEFERRABLE INITIALLY DEFERRED, "user_id" bigint NOT NULL REFERENCES "accounts_user" ("id") DEFERRABLE INITIALLY DEFERRED, "action_time" datetime NOT NULL);
CREATE TABLE IF NOT EXISTS "plant_plant" ("id" integer NOT NULL PRIMARY KEY SERIAL, "name" varchar(100) NOT NULL, "scientific_name" varchar(150) NOT NULL, "category" varchar(100) NOT NULL, "description" text NOT NULL, "planting_period" varchar(50) NOT NULL, "harvest_period" varchar(50) NOT NULL, "temperature" varchar(50) NOT NULL, "sun_exposure" varchar(50) NOT NULL, "soil_type" varchar(100) NOT NULL, "soil_ph" varchar(20) NOT NULL, "watering_frequency" varchar(50) NOT NULL, "watering_notes" text NOT NULL, "images" text NOT NULL CHECK ((JSON_VALID("images") OR "images" IS NULL)), "tips" text NOT NULL CHECK ((JSON_VALID("tips") OR "tips" IS NULL)));
INSERT INTO plant_plant VALUES(1,'Amarante','Amaranthus','Légumes','Plante feuillue comestible, riche en protéines et en nutriments.','Mars - Mai','Juin - Septembre','20°C - 30°C','Plein soleil','Sol bien drainé, riche en matière organique','6.0 - 7.5','Bihebdomadaire','Maintenir le sol humide sans excès d’eau.','["https://agroflex.autafrika.com/storage/images/plants/amarante0.jpg", "https://agroflex.autafrika.com/storage/images/plants/amarante1.jpg"]','["Taillez r\\u00e9guli\\u00e8rement pour favoriser la croissance des feuilles.", "\\u00c9vitez l\\u2019exc\\u00e8s d\\u2019eau pour pr\\u00e9venir les maladies racinaires."]');
INSERT INTO plant_plant VALUES(2,'Banane','Musa spp.','Fruits','Plante tropicale produisant des fruits riches en potassium.','Toute l’année en climat chaud','9 à 12 mois après la plantation','25°C - 35°C','Plein soleil','Sol riche, humifère et bien drainé','5.5 - 7.0','2 à 3 fois par semaine','Nécessite une humidité constante mais sans stagnation d’eau.','["https://agroflex.autafrika.com/storage/images/plants/banane0.webp", "https://agroflex.autafrika.com/storage/images/plants/banane1.png"]','["Ajoutez du compost organique pour stimuler la croissance.", "Taillez les feuilles mortes pour \\u00e9viter les maladies."]');
INSERT INTO plant_plant VALUES(3,'Citron','Citrus limon','Fruits','Agrume produisant des fruits acides et vitaminés.','Printemps ou début de l’automne','6 à 12 mois après la floraison','15°C - 30°C','Plein soleil','Sol bien drainé, légèrement acide','5.5 - 6.5','Hebdomadaire','Arrosage profond, espacé pour éviter le stress hydrique.','["https://agroflex.autafrika.com/storage/images/plants/citron0.jpg", "https://agroflex.autafrika.com/storage/images/plants/citron1.jpg", "https://agroflex.autafrika.com/storage/images/plants/citron2.jpg"]','["\\u00c9vitez l\\u2019exc\\u00e8s d\\u2019arrosage pour pr\\u00e9venir la pourriture des racines.", "Taillez les branches pour favoriser une meilleure fructification."]');
INSERT INTO plant_plant VALUES(4,'Courge','Cucurbita spp.','Légumes','Plante potagère produisant des fruits comestibles riches en vitamines.','Avril - Juin','Août - Octobre','18°C - 30°C','Plein soleil','Sol riche, bien drainé','6.0 - 7.5','Bihebdomadaire','Arrosage abondant en période chaude.','["https://agroflex.autafrika.com/storage/images/plants/courge0.jpg", "https://agroflex.autafrika.com/storage/images/plants/courge1.jpg"]','["Paillez le sol pour conserver l\\u2019humidit\\u00e9.", "Taillez les tiges pour favoriser la production de fruits."]');
INSERT INTO plant_plant VALUES(5,'Épinard','Spinacia oleracea','Légumes','Légume à feuilles vertes riche en nutriments.','Mars - Avril','Mai - Juillet','5°C - 25°C','Mi-ombre','Sol limoneux et bien drainé','6.5','Bihebdomadaire','Arrosage deux fois par semaine pour maintenir l''humidité.','["https://agroflex.autafrika.com/storage/images/plants/epinard0.jpg", "https://agroflex.autafrika.com/storage/images/plants/epinard1.jpeg"]','["\\u00c9vitez le stress hydrique pour \\u00e9viter la mont\\u00e9e en graines.", "Faites des semis successifs pour r\\u00e9colter plus longtemps."]');
INSERT INTO plant_plant VALUES(6,'Haricot','Phaseolus vulgaris','Légumineuses','Légume riche en protéines et facile à cultiver.','Mars - Juin','Juillet - Octobre','15°C - 30°C','Plein soleil','Sol bien drainé, riche en matière organique','6.0 - 7.5','Hebdomadaire','Arrosage régulier sans détremper le sol.','["https://agroflex.autafrika.com/storage/images/plants/haricot0.jpg", "https://agroflex.autafrika.com/storage/images/plants/haricot1.jpg"]','["Installer des tuteurs pour les vari\\u00e9t\\u00e9s grimpantes.", "\\u00c9vitez l''exc\\u00e8s d''azote pour \\u00e9viter trop de feuillage au d\\u00e9triment des gousses."]');
INSERT INTO plant_plant VALUES(7,'Maïs','Zea mays','Céréales','Céréale essentielle cultivée dans le monde entier.','Avril - Juin','Août - Octobre','18°C - 35°C','Plein soleil','Sol riche en matière organique et bien drainé','5.5 - 7.0','2 à 3 fois par semaine','Arrosage régulier surtout en période de floraison.','["https://agroflex.autafrika.com/storage/images/plants/mais0.jpg", "https://agroflex.autafrika.com/storage/images/plants/mais1.jpg"]','["\\u00c9claircir les plants pour \\u00e9viter la concurrence.", "Associer avec des l\\u00e9gumineuses pour am\\u00e9liorer la fertilit\\u00e9 du sol."]');
INSERT INTO plant_plant VALUES(8,'Mangue','Mangifera indica','Fruits','Arbre fruitier tropical produisant des mangues sucrées et juteuses.','Printemps','6 à 10 mois après la floraison','25°C - 35°C','Plein soleil','Sol bien drainé, riche et profond','5.5 - 7.5','Hebdomadaire','Arrosage réduit après l’établissement de l’arbre.','["https://agroflex.autafrika.com/storage/images/plants/mangue0.webp", "https://agroflex.autafrika.com/storage/images/plants/mangue1.jpg", "https://agroflex.autafrika.com/storage/images/plants/mangue2.jpeg"]','["Tailler r\\u00e9guli\\u00e8rement pour favoriser la fructification.", "Appliquer du paillis autour de l\\u2019arbre pour conserver l\\u2019humidit\\u00e9."]');
INSERT INTO plant_plant VALUES(9,'Manioc','Manihot esculenta','Tubercules','Plante tropicale produisant des tubercules riches en amidon.','Toute l’année en climat chaud','8 à 12 mois après la plantation','20°C - 35°C','Plein soleil','Sol bien drainé, sableux ou limoneux','5.5 - 7.5','Hebdomadaire','Arrosage modéré pour éviter la pourriture des racines.','["https://agroflex.autafrika.com/storage/images/plants/manioc0.jpg", "https://agroflex.autafrika.com/storage/images/plants/manioc1.webp"]','["Taillez les tiges pour stimuler la production de tubercules.", "\\u00c9vitez les sols argileux qui retiennent trop d\\u2019eau."]');
INSERT INTO plant_plant VALUES(10,'Orange','Citrus sinensis','Fruits','Agrume produisant des fruits sucrés et juteux.','Printemps ou début de l’automne','6 à 12 mois après la floraison','15°C - 30°C','Plein soleil','Sol bien drainé, légèrement acide','5.5 - 6.5','Hebdomadaire','Arrosage profond pour encourager un bon enracinement.','["https://agroflex.autafrika.com/storage/images/plants/orange0.jpeg", "https://agroflex.autafrika.com/storage/images/plants/orange1.avif"]','["Taillez les branches mortes pour favoriser une meilleure production.", "Utilisez du compost organique pour enrichir le sol."]');
INSERT INTO plant_plant VALUES(11,'Pomme de terre','Solanum tuberosum','Tubercules','Plante potagère cultivée pour ses tubercules comestibles.','Mars - Mai','Juillet - Septembre','10°C - 25°C','Plein soleil','Sol léger, riche en humus, bien drainé','5.0 - 6.5','Bihebdomadaire','Arrosage modéré pour éviter les maladies fongiques.','["https://agroflex.autafrika.com/storage/images/plants/pdt0.jpg", "https://agroflex.autafrika.com/storage/images/plants/pdt1.webp", "https://agroflex.autafrika.com/storage/images/plants/pdt2.jpg"]','["Buttez les plants pour prot\\u00e9ger les tubercules de la lumi\\u00e8re.", "\\u00c9vitez l\\u2019exc\\u00e8s d\\u2019azote qui favorise le feuillage au d\\u00e9triment des tubercules."]');
INSERT INTO plant_plant VALUES(12,'Patate douce','Ipomoea batatas','Tubercules','Plante vivace cultivée pour ses tubercules riches en glucides et vitamines.','Mars - Juin','Septembre - Décembre','20°C - 30°C','Plein soleil','Sol meuble, bien drainé et riche en matière organique','5.5 - 6.5','Hebdomadaire','Arrosage modéré, éviter l’excès d’eau pour prévenir la pourriture des tubercules.','["https://agroflex.autafrika.com/storage/images/plants/pd0.jpeg", "https://agroflex.autafrika.com/storage/images/plants/pd1.jpg", "https://agroflex.autafrika.com/storage/images/plants/pd2.jpg"]','["Paillez le sol pour conserver l\\u2019humidit\\u00e9 et limiter les mauvaises herbes.", "R\\u00e9coltez les tubercules avant les premi\\u00e8res gel\\u00e9es."]');
INSERT INTO plant_plant VALUES(13,'Soja','Glycine max','Légumineuses','Légumineuse utilisée pour l’alimentation humaine et animale, riche en protéines.','Avril - Juin','Septembre - Novembre','20°C - 30°C','Plein soleil','Sol bien drainé, riche en matière organique','6.0 - 7.0','Hebdomadaire','Maintenir une humidité constante, éviter le stress hydrique.','["https://agroflex.autafrika.com/storage/images/plants/soja0.jpg", "https://agroflex.autafrika.com/storage/images/plants/soja1.jpg"]','["Associez le soja avec d\\u2019autres cultures pour enrichir le sol en azote.", "\\u00c9vitez un exc\\u00e8s d\\u2019humidit\\u00e9 pour pr\\u00e9venir les maladies fongiques."]');
CREATE TABLE IF NOT EXISTS "django_session" ("session_key" varchar(40) NOT NULL PRIMARY KEY, "session_data" text NOT NULL, "expire_date" datetime NOT NULL);
CREATE TABLE IF NOT EXISTS "token_blacklist_blacklistedtoken" ("blacklisted_at" datetime NOT NULL, "token_id" bigint NOT NULL UNIQUE REFERENCES "token_blacklist_outstandingtoken" ("id") DEFERRABLE INITIALLY DEFERRED, "id" integer NOT NULL PRIMARY KEY SERIAL);
CREATE TABLE IF NOT EXISTS "token_blacklist_outstandingtoken" ("token" text NOT NULL, "created_at" datetime NULL, "expires_at" datetime NOT NULL, "user_id" bigint NULL REFERENCES "accounts_user" ("id") DEFERRABLE INITIALLY DEFERRED, "jti" varchar(255) NOT NULL UNIQUE, "id" integer NOT NULL PRIMARY KEY SERIAL);
INSERT INTO token_blacklist_outstandingtoken VALUES('eyJhbGciOiJIUzI1NiIsInR5cCI6IkpXVCJ9.eyJ0b2tlbl90eXBlIjoicmVmcmVzaCIsImV4cCI6MTc1NDE0NTI0NywiaWF0IjoxNzM4NTkzMjQ3LCJqdGkiOiJmMzU2NTMxZDlmOGM0YTA2YTM5ZDUwMjZmMmQxM2IxMyIsInVzZXJfaWQiOjN9.QfgaY5Rp9K0oLIXuzsvk8SGVe8Uuuu19E6UogAQ_k_A','2025-02-03 14:34:07.128034','2025-08-02 14:34:07',3,'f356531d9f8c4a06a39d5026f2d13b13',1);
INSERT INTO token_blacklist_outstandingtoken VALUES('eyJhbGciOiJIUzI1NiIsInR5cCI6IkpXVCJ9.eyJ0b2tlbl90eXBlIjoicmVmcmVzaCIsImV4cCI6MTc1NDE0NTM3MywiaWF0IjoxNzM4NTkzMzczLCJqdGkiOiJhYzU0ZmUxODk1NGY0MzMxOGJhZmE1MTE4N2EwNjdiOCIsInVzZXJfaWQiOjJ9.6TqnRAwvYcgiP3BcIghfjFO3VlXl0OIXDwCcIJvQf_0','2025-02-03 14:36:13.377847','2025-08-02 14:36:13',2,'ac54fe18954f43318bafa51187a067b8',2);
INSERT INTO token_blacklist_outstandingtoken VALUES('eyJhbGciOiJIUzI1NiIsInR5cCI6IkpXVCJ9.eyJ0b2tlbl90eXBlIjoicmVmcmVzaCIsImV4cCI6MTc1NDE0NTUyMiwiaWF0IjoxNzM4NTkzNTIyLCJqdGkiOiIzOTg3YWExOGE2NWM0M2YxYjM2ZGMwYWYxMmE0YWVkNSIsInVzZXJfaWQiOjJ9.c_4KyVOlIm1gCI7oJ5Tcxpf5rHiboWza_gL0Qv0ny4A','2025-02-03 14:38:42.562892','2025-08-02 14:38:42',2,'3987aa18a65c43f1b36dc0af12a4aed5',3);
INSERT INTO token_blacklist_outstandingtoken VALUES('eyJhbGciOiJIUzI1NiIsInR5cCI6IkpXVCJ9.eyJ0b2tlbl90eXBlIjoicmVmcmVzaCIsImV4cCI6MTc1NDE0NTYzMywiaWF0IjoxNzM4NTkzNjMzLCJqdGkiOiIyYzAzNWE3MDk4NWY0MmZlOGM2MzQ0OWU2ZGNiNzdlNiIsInVzZXJfaWQiOjJ9.nlU8fkmLfBYKDq2117FItHANqI0TMpB5HBiWsbfqfco','2025-02-03 14:40:33.058788','2025-08-02 14:40:33',2,'2c035a70985f42fe8c63449e6dcb77e6',4);
INSERT INTO token_blacklist_outstandingtoken VALUES('eyJhbGciOiJIUzI1NiIsInR5cCI6IkpXVCJ9.eyJ0b2tlbl90eXBlIjoicmVmcmVzaCIsImV4cCI6MTc1NDE0NTc1NSwiaWF0IjoxNzM4NTkzNzU1LCJqdGkiOiJhYjM3NGExNzdjNmI0NmZjYTdmYTljMWZmYTM1OGU1YSIsInVzZXJfaWQiOjJ9.7RwACs6mSi__QS-ovbd_Iw56YeT16pP1CjIW5tRZXvI','2025-02-03 14:42:35.789712','2025-08-02 14:42:35',2,'ab374a177c6b46fca7fa9c1ffa358e5a',5);
INSERT INTO token_blacklist_outstandingtoken VALUES('eyJhbGciOiJIUzI1NiIsInR5cCI6IkpXVCJ9.eyJ0b2tlbl90eXBlIjoicmVmcmVzaCIsImV4cCI6MTc1NDE0NjA2NiwiaWF0IjoxNzM4NTk0MDY2LCJqdGkiOiI4OWIyYTQ2OTA0M2I0MTNlODlmYmQ5NGI3OThkYTU1ZSIsInVzZXJfaWQiOjJ9.nhQWUhZO-szIdug-uzKKmsGcxpg9JeyL1i9y1bq6uOI','2025-02-03 14:47:46.826165','2025-08-02 14:47:46',2,'89b2a469043b413e89fbd94b798da55e',6);
INSERT INTO token_blacklist_outstandingtoken VALUES('eyJhbGciOiJIUzI1NiIsInR5cCI6IkpXVCJ9.eyJ0b2tlbl90eXBlIjoicmVmcmVzaCIsImV4cCI6MTc1NDE0NjQwOSwiaWF0IjoxNzM4NTk0NDA5LCJqdGkiOiIwMzMwMjhkMzBiMTE0OWEwYWViNzEyNzNmMWFkZThiNSIsInVzZXJfaWQiOjJ9.8rNVGjfI4iLJcGmG5aSOTU-GrxHU0u9YjcykT1b57g4','2025-02-03 14:53:29.085531','2025-08-02 14:53:29',2,'033028d30b1149a0aeb71273f1ade8b5',7);
INSERT INTO token_blacklist_outstandingtoken VALUES('eyJhbGciOiJIUzI1NiIsInR5cCI6IkpXVCJ9.eyJ0b2tlbl90eXBlIjoicmVmcmVzaCIsImV4cCI6MTc1NDE0NjQ0NSwiaWF0IjoxNzM4NTk0NDQ1LCJqdGkiOiI4Mzg2YTZkOTM0MDY0MWVkOGI4OTQ3M2M1N2NiNjhhMyIsInVzZXJfaWQiOjJ9.GqJSrsy4pZJ7AToLsz0uMu0o6i-uLI4rgreAk2TPnrY','2025-02-03 14:54:05.999909','2025-08-02 14:54:05',2,'8386a6d9340641ed8b89473c57cb68a3',8);
INSERT INTO token_blacklist_outstandingtoken VALUES('eyJhbGciOiJIUzI1NiIsInR5cCI6IkpXVCJ9.eyJ0b2tlbl90eXBlIjoicmVmcmVzaCIsImV4cCI6MTc1NDE0NjUyMywiaWF0IjoxNzM4NTk0NTIzLCJqdGkiOiIxMWVkNWJlMzZkYmI0NGNkYmVhZWRjYmI4MDc4NWE1MyIsInVzZXJfaWQiOjJ9.t8ZSUo29AHIokVOY3g7-3amthNF6rzn-sMC7eFJObAc','2025-02-03 14:55:23.710419','2025-08-02 14:55:23',2,'11ed5be36dbb44cdbeaedcbb80785a53',9);
INSERT INTO token_blacklist_outstandingtoken VALUES('eyJhbGciOiJIUzI1NiIsInR5cCI6IkpXVCJ9.eyJ0b2tlbl90eXBlIjoicmVmcmVzaCIsImV4cCI6MTc1NDE0NjUyOCwiaWF0IjoxNzM4NTk0NTI4LCJqdGkiOiJiZTdmMmNmMGExNDU0YWJhYWIzOTlmN2MxZjI5YmFiNyIsInVzZXJfaWQiOjJ9.bz4HHsCfv0--ciLlrPEjjb1aRrwHUcWG7oF07VGbIzI','2025-02-03 14:55:28.816228','2025-08-02 14:55:28',2,'be7f2cf0a1454abaab399f7c1f29bab7',10);
INSERT INTO token_blacklist_outstandingtoken VALUES('eyJhbGciOiJIUzI1NiIsInR5cCI6IkpXVCJ9.eyJ0b2tlbl90eXBlIjoicmVmcmVzaCIsImV4cCI6MTc1NDE0NjU2MiwiaWF0IjoxNzM4NTk0NTYyLCJqdGkiOiJlY2Y3NTQyZDcyZjc0MWUzODBlMmQwN2I4MmJlMDdjNyIsInVzZXJfaWQiOjJ9.LVJ2e3YrTCd5AjLlzbD49bI9cIcrz4SsaqmB9FMzeEM','2025-02-03 14:56:02.785253','2025-08-02 14:56:02',2,'ecf7542d72f741e380e2d07b82be07c7',11);
INSERT INTO token_blacklist_outstandingtoken VALUES('eyJhbGciOiJIUzI1NiIsInR5cCI6IkpXVCJ9.eyJ0b2tlbl90eXBlIjoicmVmcmVzaCIsImV4cCI6MTc1NDE0NjU2NSwiaWF0IjoxNzM4NTk0NTY1LCJqdGkiOiI0OTIxNDkzZDc0OWI0MzAzYmU5YzI3YmE4Y2I0NWQ1MiIsInVzZXJfaWQiOjJ9.Q0THYpJss-FJ6tmDZB5SoNj1u0NLd__Y3bQmR43-DYk','2025-02-03 14:56:05.807103','2025-08-02 14:56:05',2,'4921493d749b4303be9c27ba8cb45d52',12);
INSERT INTO token_blacklist_outstandingtoken VALUES('eyJhbGciOiJIUzI1NiIsInR5cCI6IkpXVCJ9.eyJ0b2tlbl90eXBlIjoicmVmcmVzaCIsImV4cCI6MTc1NDE0NjU5OSwiaWF0IjoxNzM4NTk0NTk5LCJqdGkiOiJjNzU5Y2M0OWEwMGM0MTg1YWU1N2I0ZjAwYzRmMGE1ZiIsInVzZXJfaWQiOjJ9.EVXFO_Vi9rJ6adAnjPU_7xpMWTChL2HpqsEbca_StoU','2025-02-03 14:56:39.420265','2025-08-02 14:56:39',2,'c759cc49a00c4185ae57b4f00c4f0a5f',13);
INSERT INTO token_blacklist_outstandingtoken VALUES('eyJhbGciOiJIUzI1NiIsInR5cCI6IkpXVCJ9.eyJ0b2tlbl90eXBlIjoicmVmcmVzaCIsImV4cCI6MTc1NDE0NjYxMiwiaWF0IjoxNzM4NTk0NjEyLCJqdGkiOiIxNGVmN2JhYmU5MmY0NWU4YTQ4ZjlkYjZmN2U5N2FlZCIsInVzZXJfaWQiOjJ9.H5PCtoKxk4UEt_1vDanfKISNceNqBIAFOaW5f9HQmB4','2025-02-03 14:56:52.734499','2025-08-02 14:56:52',2,'14ef7babe92f45e8a48f9db6f7e97aed',14);
INSERT INTO token_blacklist_outstandingtoken VALUES('eyJhbGciOiJIUzI1NiIsInR5cCI6IkpXVCJ9.eyJ0b2tlbl90eXBlIjoicmVmcmVzaCIsImV4cCI6MTc1NDE0NjY3MiwiaWF0IjoxNzM4NTk0NjcyLCJqdGkiOiIxZWJkZjY0NTBmODY0ZTAxYmQ4NmU4Mjc1NDQxZjZmYiIsInVzZXJfaWQiOjJ9.plhoSVebZdfwOiH8gytNqBU5pKW81v7-VqEmhrytJUw','2025-02-03 14:57:52.387869','2025-08-02 14:57:52',2,'1ebdf6450f864e01bd86e8275441f6fb',15);
INSERT INTO token_blacklist_outstandingtoken VALUES('eyJhbGciOiJIUzI1NiIsInR5cCI6IkpXVCJ9.eyJ0b2tlbl90eXBlIjoicmVmcmVzaCIsImV4cCI6MTc1NDE0NjcxMiwiaWF0IjoxNzM4NTk0NzEyLCJqdGkiOiI5NjlhNmM5ZTJkZDg0NmNmYmJhNGQ2OWM2ODAxNGE5OSIsInVzZXJfaWQiOjJ9.M-jbpsJa4JqdaoYQPKym18zNCB9P5erXmnhkWpuSxuA','2025-02-03 14:58:32.783358','2025-08-02 14:58:32',2,'969a6c9e2dd846cfbba4d69c68014a99',16);
INSERT INTO token_blacklist_outstandingtoken VALUES('eyJhbGciOiJIUzI1NiIsInR5cCI6IkpXVCJ9.eyJ0b2tlbl90eXBlIjoicmVmcmVzaCIsImV4cCI6MTc1NDE0Njc4MywiaWF0IjoxNzM4NTk0NzgzLCJqdGkiOiIyNDcyMzE2OTZmYjk0ZjM4YmYzZThiMzY1ZTg2Njc1OCIsInVzZXJfaWQiOjJ9.fgoPKfCraLDPCGXflBc9uscYRgJ5kvj87z9kMtKjQsg','2025-02-03 14:59:43.063942','2025-08-02 14:59:43',2,'247231696fb94f38bf3e8b365e866758',17);
INSERT INTO token_blacklist_outstandingtoken VALUES('eyJhbGciOiJIUzI1NiIsInR5cCI6IkpXVCJ9.eyJ0b2tlbl90eXBlIjoicmVmcmVzaCIsImV4cCI6MTc1NDE0ODM0NiwiaWF0IjoxNzM4NTk2MzQ2LCJqdGkiOiIwMTdiYTFiMWVjZmU0NmFiYTdiNzdkNTVjODIwOWY4ZiIsInVzZXJfaWQiOjJ9.4upNXMY-ghMKmbmPrzVchXf-eFA-w9JedvPk70xtOV0','2025-02-03 15:25:46.028976','2025-08-02 15:25:46',2,'017ba1b1ecfe46aba7b77d55c8209f8f',18);
INSERT INTO token_blacklist_outstandingtoken VALUES('eyJhbGciOiJIUzI1NiIsInR5cCI6IkpXVCJ9.eyJ0b2tlbl90eXBlIjoicmVmcmVzaCIsImV4cCI6MTc1NDE0ODM1NSwiaWF0IjoxNzM4NTk2MzU1LCJqdGkiOiI3ODM2Mjc4NmIwMTg0MmI1OWU4YWU4ZTRmODBhZWQwYyIsInVzZXJfaWQiOjJ9.rIoyQ3zt3vu_HPW53nnxje3DMW86xJ6yA8F5PlZpMQQ','2025-02-03 15:25:55.827042','2025-08-02 15:25:55',2,'78362786b01842b59e8ae8e4f80aed0c',19);
INSERT INTO token_blacklist_outstandingtoken VALUES('eyJhbGciOiJIUzI1NiIsInR5cCI6IkpXVCJ9.eyJ0b2tlbl90eXBlIjoicmVmcmVzaCIsImV4cCI6MTc1NDE0ODYyMywiaWF0IjoxNzM4NTk2NjIzLCJqdGkiOiIxZDBmYTI4N2FjY2U0ZDM4YTFjYjcxMGNmMjMzMzUwMyIsInVzZXJfaWQiOjN9.eql1QZUKiZf-ssxyUX7V4rP--ldZqHOQ5_Vhhg0S6rc','2025-02-03 15:30:23.648300','2025-08-02 15:30:23',3,'1d0fa287acce4d38a1cb710cf2333503',20);
INSERT INTO token_blacklist_outstandingtoken VALUES('eyJhbGciOiJIUzI1NiIsInR5cCI6IkpXVCJ9.eyJ0b2tlbl90eXBlIjoicmVmcmVzaCIsImV4cCI6MTc1NDE0OTY5NiwiaWF0IjoxNzM4NTk3Njk2LCJqdGkiOiI3YmZlN2NhZWYxNzM0ZjI3ODgxYzQ5NzI1NzNmOWQxNiIsInVzZXJfaWQiOjN9.dh9Kvk9yZLJrqrQHz2na8-iLa61sQlKBZWP2LEBLCKI','2025-02-03 15:48:16.064954','2025-08-02 15:48:16',3,'7bfe7caef1734f27881c4972573f9d16',21);
INSERT INTO token_blacklist_outstandingtoken VALUES('eyJhbGciOiJIUzI1NiIsInR5cCI6IkpXVCJ9.eyJ0b2tlbl90eXBlIjoicmVmcmVzaCIsImV4cCI6MTc1NDE0OTcwOCwiaWF0IjoxNzM4NTk3NzA4LCJqdGkiOiI0NjVmMDA0NGY1OGQ0MjYzYjJhMjdiNjAyMGYyMWFhYyIsInVzZXJfaWQiOjN9.DefINxKObFEFBMlqWkqHYnmqkPvRcMBYs61eiTcuCGo','2025-02-03 15:48:28.151050','2025-08-02 15:48:28',3,'465f0044f58d4263b2a27b6020f21aac',22);
INSERT INTO token_blacklist_outstandingtoken VALUES('eyJhbGciOiJIUzI1NiIsInR5cCI6IkpXVCJ9.eyJ0b2tlbl90eXBlIjoicmVmcmVzaCIsImV4cCI6MTc1NDE1NDkxOSwiaWF0IjoxNzM4NjAyOTE5LCJqdGkiOiJiZTg4ZGNkMmEyMDc0OTM4YTU3YTY3MzRmNTc5Nzg4OSIsInVzZXJfaWQiOjJ9.m8NcXwCXeKArCjmq2BHYZ8-F9ZBbG9oftKrLu2-s2hQ','2025-02-03 17:15:19.801301','2025-08-02 17:15:19',2,'be88dcd2a2074938a57a6734f5797889',23);
INSERT INTO token_blacklist_outstandingtoken VALUES('eyJhbGciOiJIUzI1NiIsInR5cCI6IkpXVCJ9.eyJ0b2tlbl90eXBlIjoicmVmcmVzaCIsImV4cCI6MTc1NDE1NDk0MiwiaWF0IjoxNzM4NjAyOTQyLCJqdGkiOiIyMmI5YjVhMjljNDY0ODIwYTI4M2VjMDRiNWQyZjNmYyIsInVzZXJfaWQiOjJ9.mNzg6SGEx_sxyxZO10cdavRQp1ng74sTDqaiuGmEUvU','2025-02-03 17:15:42.836164','2025-08-02 17:15:42',2,'22b9b5a29c464820a283ec04b5d2f3fc',24);
INSERT INTO token_blacklist_outstandingtoken VALUES('eyJhbGciOiJIUzI1NiIsInR5cCI6IkpXVCJ9.eyJ0b2tlbl90eXBlIjoicmVmcmVzaCIsImV4cCI6MTc1NDE1NTM5MiwiaWF0IjoxNzM4NjAzMzkyLCJqdGkiOiJkM2Q5YmQ0NTMxOWI0MjQ4YTUxODY0YzZlNjhlNGYwNSIsInVzZXJfaWQiOjJ9.32m9qooBfjO84A8m-iNqA9iMMHAuS0suLLcjeszYwE0','2025-02-03 17:23:12.334098','2025-08-02 17:23:12',2,'d3d9bd45319b4248a51864c6e68e4f05',25);
INSERT INTO token_blacklist_outstandingtoken VALUES('eyJhbGciOiJIUzI1NiIsInR5cCI6IkpXVCJ9.eyJ0b2tlbl90eXBlIjoicmVmcmVzaCIsImV4cCI6MTc1NDE1NjQxMiwiaWF0IjoxNzM4NjA0NDEyLCJqdGkiOiJmOWU4ZjBhNjFlZWM0YjllYmU2YjE4YTU0NjVmNWNhMCIsInVzZXJfaWQiOjJ9.Jwj9gGmYypN_ynM2Kcc_2A8xLyR0K0A6JrZrQUYXDd0','2025-02-03 17:40:12.370156','2025-08-02 17:40:12',2,'f9e8f0a61eec4b9ebe6b18a5465f5ca0',26);
INSERT INTO token_blacklist_outstandingtoken VALUES('eyJhbGciOiJIUzI1NiIsInR5cCI6IkpXVCJ9.eyJ0b2tlbl90eXBlIjoicmVmcmVzaCIsImV4cCI6MTc1NDE1NjU5NSwiaWF0IjoxNzM4NjA0NTk1LCJqdGkiOiIxMzMwNDNjNmY0ZWI0YzU0YWU5NzI1MzJlNWU5NDgwZCIsInVzZXJfaWQiOjJ9.PDoOhORF0nuZGMS3gdlfsDnvk00-wGEgIDFPBrhLuEA','2025-02-03 17:43:15.707762','2025-08-02 17:43:15',2,'133043c6f4eb4c54ae972532e5e9480d',27);
INSERT INTO token_blacklist_outstandingtoken VALUES('eyJhbGciOiJIUzI1NiIsInR5cCI6IkpXVCJ9.eyJ0b2tlbl90eXBlIjoicmVmcmVzaCIsImV4cCI6MTc1NDE1ODQwOSwiaWF0IjoxNzM4NjA2NDA5LCJqdGkiOiJiNDUzZGJmYjMxNjE0ZDVkOGJmNWZiMWI4YWE2ZjJhMSIsInVzZXJfaWQiOjJ9.L0myAsQt0ous7vejVc8ntTWEY_E3mwyvBTQ5tHq5Afw','2025-02-03 18:13:29.107440','2025-08-02 18:13:29',2,'b453dbfb31614d5d8bf5fb1b8aa6f2a1',28);
INSERT INTO token_blacklist_outstandingtoken VALUES('eyJhbGciOiJIUzI1NiIsInR5cCI6IkpXVCJ9.eyJ0b2tlbl90eXBlIjoicmVmcmVzaCIsImV4cCI6MTc1NDE1OTMyMiwiaWF0IjoxNzM4NjA3MzIyLCJqdGkiOiIyNmQwNDZiMmM1MmI0OThmOWZmZjk3NmE1NThjY2Y5NyIsInVzZXJfaWQiOjN9.hNZlXincTUr76EGzehUQObUouELnESaNPGgHjLTddlk','2025-02-03 18:28:42.061223','2025-08-02 18:28:42',3,'26d046b2c52b498f9fff976a558ccf97',29);
INSERT INTO token_blacklist_outstandingtoken VALUES('eyJhbGciOiJIUzI1NiIsInR5cCI6IkpXVCJ9.eyJ0b2tlbl90eXBlIjoicmVmcmVzaCIsImV4cCI6MTc1NDE1OTMzNiwiaWF0IjoxNzM4NjA3MzM2LCJqdGkiOiJlN2RlZGQxMGFlYTc0NzYwYjJiMmNjNDU1ZGE1YzRjMyIsInVzZXJfaWQiOjN9.oELoKEGTxttfL2HU4ElEudUjsRwiBINEmj0DYffdFwY','2025-02-03 18:28:56.392082','2025-08-02 18:28:56',3,'e7dedd10aea74760b2b2cc455da5c4c3',30);
INSERT INTO token_blacklist_outstandingtoken VALUES('eyJhbGciOiJIUzI1NiIsInR5cCI6IkpXVCJ9.eyJ0b2tlbl90eXBlIjoicmVmcmVzaCIsImV4cCI6MTc1NDE1OTM4NywiaWF0IjoxNzM4NjA3Mzg3LCJqdGkiOiJiYzlkMmZkNmIzN2I0NTRiOTBkZTExYjljMTZkNzY1MyIsInVzZXJfaWQiOjJ9.W4bD5ba5UNPiz5LEXEP96Rpejazn1sV3hG7SNhdgiSc','2025-02-03 18:29:47.968914','2025-08-02 18:29:47',2,'bc9d2fd6b37b454b90de11b9c16d7653',31);
INSERT INTO token_blacklist_outstandingtoken VALUES('eyJhbGciOiJIUzI1NiIsInR5cCI6IkpXVCJ9.eyJ0b2tlbl90eXBlIjoicmVmcmVzaCIsImV4cCI6MTc1NDE1OTQyMywiaWF0IjoxNzM4NjA3NDIzLCJqdGkiOiI3NDdjYzFkZGQ4NWY0YTc0OTgyMjYyNDllMDZkNjlkYyIsInVzZXJfaWQiOjJ9.VtL2V1JmHW2P-Y7D70xBXgh31WC94Y5LVavqE9cIfsI','2025-02-03 18:30:23.091565','2025-08-02 18:30:23',2,'747cc1ddd85f4a7498226249e06d69dc',32);
INSERT INTO token_blacklist_outstandingtoken VALUES('eyJhbGciOiJIUzI1NiIsInR5cCI6IkpXVCJ9.eyJ0b2tlbl90eXBlIjoicmVmcmVzaCIsImV4cCI6MTc1NDE1OTQ2MSwiaWF0IjoxNzM4NjA3NDYxLCJqdGkiOiI1ZWNkMDY5ZWJmNDA0NDhhYTY1MzAzODVmYmI0YjcyOCIsInVzZXJfaWQiOjJ9.q_Khc_p8R_5UVIZVCP-SuTfwPFS06HSG6TyeGuPiU0E','2025-02-03 18:31:01.716622','2025-08-02 18:31:01',2,'5ecd069ebf40448aa6530385fbb4b728',33);
INSERT INTO token_blacklist_outstandingtoken VALUES('eyJhbGciOiJIUzI1NiIsInR5cCI6IkpXVCJ9.eyJ0b2tlbl90eXBlIjoicmVmcmVzaCIsImV4cCI6MTc1NDE1OTUzNiwiaWF0IjoxNzM4NjA3NTM2LCJqdGkiOiI4MDc0ZmY0ODYxYWU0NDk5YTY2ZmRiMTc3OTFmNmY2ZCIsInVzZXJfaWQiOjJ9.LKnwToR5vyWcGeSirA45SNJ0gM4RmJfHgW5WCbMFxkA','2025-02-03 18:32:16.349129','2025-08-02 18:32:16',2,'8074ff4861ae4499a66fdb17791f6f6d',34);
INSERT INTO token_blacklist_outstandingtoken VALUES('eyJhbGciOiJIUzI1NiIsInR5cCI6IkpXVCJ9.eyJ0b2tlbl90eXBlIjoicmVmcmVzaCIsImV4cCI6MTc1NDE1OTU3OSwiaWF0IjoxNzM4NjA3NTc5LCJqdGkiOiI0NTk4NmEzM2M3OTU0YmM1ODQ0MTZjZGJjYzdjNTc2ZCIsInVzZXJfaWQiOjJ9.mQxhPUNNEMFb3CKDDyE2xxR5AMhaO2Bh_T9mPlHOhoE','2025-02-03 18:32:59.300230','2025-08-02 18:32:59',2,'45986a33c7954bc584416cdbcc7c576d',35);
INSERT INTO token_blacklist_outstandingtoken VALUES('eyJhbGciOiJIUzI1NiIsInR5cCI6IkpXVCJ9.eyJ0b2tlbl90eXBlIjoicmVmcmVzaCIsImV4cCI6MTc1NDE1OTYyNSwiaWF0IjoxNzM4NjA3NjI1LCJqdGkiOiJmODBkY2U3OWMzNjk0ZDM5YmM1YTJiODVhYzExOGYwYyIsInVzZXJfaWQiOjJ9.2l0j2uEVSjT-kVy0uz_FLD29KBr8mSznTZVSaz3GIbo','2025-02-03 18:33:45.039542','2025-08-02 18:33:45',2,'f80dce79c3694d39bc5a2b85ac118f0c',36);
INSERT INTO token_blacklist_outstandingtoken VALUES('eyJhbGciOiJIUzI1NiIsInR5cCI6IkpXVCJ9.eyJ0b2tlbl90eXBlIjoicmVmcmVzaCIsImV4cCI6MTc1NDE1OTY4OCwiaWF0IjoxNzM4NjA3Njg4LCJqdGkiOiIxZGI1ZWJhZjg2NzY0YjdiYTJkYWJmZGIyODdiOTZkMyIsInVzZXJfaWQiOjJ9.4WU3iKdVr7OIFHVZPGRddOupX-WpnbgeSmhJWVYY2Dw','2025-02-03 18:34:48.038453','2025-08-02 18:34:48',2,'1db5ebaf86764b7ba2dabfdb287b96d3',37);
INSERT INTO token_blacklist_outstandingtoken VALUES('eyJhbGciOiJIUzI1NiIsInR5cCI6IkpXVCJ9.eyJ0b2tlbl90eXBlIjoicmVmcmVzaCIsImV4cCI6MTc1NDE2MzI0NCwiaWF0IjoxNzM4NjExMjQ0LCJqdGkiOiI1MjMyNTM0YjFiODg0NmRmYTE3YWYyM2JkNDJjMGY2OCIsInVzZXJfaWQiOjJ9.JNKQZTnxhvnB7PmyjJxoOfwf-4NdYRxuwLM3OOJ0_Vw','2025-02-03 19:34:04.205949','2025-08-02 19:34:04',2,'5232534b1b8846dfa17af23bd42c0f68',38);
INSERT INTO token_blacklist_outstandingtoken VALUES('eyJhbGciOiJIUzI1NiIsInR5cCI6IkpXVCJ9.eyJ0b2tlbl90eXBlIjoicmVmcmVzaCIsImV4cCI6MTc1NDE2Mzc5OSwiaWF0IjoxNzM4NjExNzk5LCJqdGkiOiJmNjEzYmUzNDA5NWI0OGExOGZlMWVjMjE2NTc0OWM4OSIsInVzZXJfaWQiOjJ9.8LGkykBUrbZPGnX3qBqCIFVvUFTMT32-lBMSrVCD_SA','2025-02-03 19:43:19.534172','2025-08-02 19:43:19',2,'f613be34095b48a18fe1ec2165749c89',39);
INSERT INTO token_blacklist_outstandingtoken VALUES('eyJhbGciOiJIUzI1NiIsInR5cCI6IkpXVCJ9.eyJ0b2tlbl90eXBlIjoicmVmcmVzaCIsImV4cCI6MTc1NDI0MjI3MCwiaWF0IjoxNzM4NjkwMjcwLCJqdGkiOiIzZWJiYmE1OTY2MGE0YTc4ODdmMjFhNDI0ZDA4YTgyZSIsInVzZXJfaWQiOjJ9.Uow2IV__Ub8j9aUa5EBloggD7hHddfp5KAQ-1fR5ZAI','2025-02-04 17:31:10.969400','2025-08-03 17:31:10',2,'3ebbba59660a4a7887f21a424d08a82e',40);
INSERT INTO token_blacklist_outstandingtoken VALUES('eyJhbGciOiJIUzI1NiIsInR5cCI6IkpXVCJ9.eyJ0b2tlbl90eXBlIjoicmVmcmVzaCIsImV4cCI6MTc1NDI0Mjk1MywiaWF0IjoxNzM4NjkwOTUzLCJqdGkiOiJhNDMxYTI0YjViNzU0Y2U0YjJmOGM2YTYyOTg5NjVmYSIsInVzZXJfaWQiOjV9.Y0pnxh6CbvIcShsjID8g5btiWFTQGdok-uprA0T6Ik0','2025-02-04 17:42:33.203577','2025-08-03 17:42:33',5,'a431a24b5b754ce4b2f8c6a6298965fa',41);
INSERT INTO token_blacklist_outstandingtoken VALUES('eyJhbGciOiJIUzI1NiIsInR5cCI6IkpXVCJ9.eyJ0b2tlbl90eXBlIjoicmVmcmVzaCIsImV4cCI6MTc1NDMwNjA5NiwiaWF0IjoxNzM4NzU0MDk2LCJqdGkiOiI0YjFkYWQwMzEwY2U0N2NiOGNlNmU2NjFiZGZlZGQ5MiIsInVzZXJfaWQiOjJ9.wb8KpijsYbr5pGPeLQTFxZnnbc-9wJ4MqnNS3CcfHIk','2025-02-05 11:14:56.259677','2025-08-04 11:14:56',2,'4b1dad0310ce47cb8ce6e661bdfedd92',42);
INSERT INTO token_blacklist_outstandingtoken VALUES('eyJhbGciOiJIUzI1NiIsInR5cCI6IkpXVCJ9.eyJ0b2tlbl90eXBlIjoicmVmcmVzaCIsImV4cCI6MTc1NDMwOTY5NywiaWF0IjoxNzM4NzU3Njk3LCJqdGkiOiJlODZkYTA2OGE2NzY0YzZkYWI1YWI0NzVmZjBlNzU0OSIsInVzZXJfaWQiOjJ9.TjCYYq2zusGERrODQFWuRUoD0vV2R8M8R-tFyWqouMw','2025-02-05 12:14:57.912889','2025-08-04 12:14:57',2,'e86da068a6764c6dab5ab475ff0e7549',43);
INSERT INTO token_blacklist_outstandingtoken VALUES('eyJhbGciOiJIUzI1NiIsInR5cCI6IkpXVCJ9.eyJ0b2tlbl90eXBlIjoicmVmcmVzaCIsImV4cCI6MTc1NDMyNDI2NSwiaWF0IjoxNzM4NzcyMjY1LCJqdGkiOiJlMDMxMTk1MTQzOTM0ZGM5OTEwYWZkMzk3YWM2NmY0NCIsInVzZXJfaWQiOjJ9.-BKGgwlQZ-NkBBTeN4vr888oFgOojon12-mwymg0c38','2025-02-05 16:17:45.878179','2025-08-04 16:17:45',2,'e031195143934dc9910afd397ac66f44',44);
INSERT INTO token_blacklist_outstandingtoken VALUES('eyJhbGciOiJIUzI1NiIsInR5cCI6IkpXVCJ9.eyJ0b2tlbl90eXBlIjoicmVmcmVzaCIsImV4cCI6MTc1NDMzMTQxMywiaWF0IjoxNzM4Nzc5NDEzLCJqdGkiOiI1YWUyZTFkZWRjMTQ0ZjFmOGM2ZGYzZmVjNjI2ZjU4OSIsInVzZXJfaWQiOjZ9.hLGHPiFbHaZcwf_ew9HRuozPqY2nXRJaeuuJ4PDp6fM','2025-02-05 18:16:53.638553','2025-08-04 18:16:53',6,'5ae2e1dedc144f1f8c6df3fec626f589',45);
INSERT INTO token_blacklist_outstandingtoken VALUES('eyJhbGciOiJIUzI1NiIsInR5cCI6IkpXVCJ9.eyJ0b2tlbl90eXBlIjoicmVmcmVzaCIsImV4cCI6MTc1NDk4ODE4MywiaWF0IjoxNzM5NDM2MTgzLCJqdGkiOiI4YzUxNDc4N2EyMTk0MWM2YWY5NmFmNWZmMmI1Yzg0NiIsInVzZXJfaWQiOjd9.WykZ2HevmGjgzjfwjs_hD6b6nIPSchvgySwS1T57VsA','2025-02-13 08:43:03.333650','2025-08-12 08:43:03',7,'8c514787a21941c6af96af5ff2b5c846',46);
INSERT INTO token_blacklist_outstandingtoken VALUES('eyJhbGciOiJIUzI1NiIsInR5cCI6IkpXVCJ9.eyJ0b2tlbl90eXBlIjoicmVmcmVzaCIsImV4cCI6MTc1NTI2MzkzOCwiaWF0IjoxNzM5NzExOTM4LCJqdGkiOiIxYmI4Mjg2ZTQ2ZmY0MGY2YjY1ZjRmZTUzZjE4NzZlZiIsInVzZXJfaWQiOjF9.ertZyVg7ebLT8FSv-j00NLaBE9iCwSgdhPHsBWkmJ2M','2025-02-16 13:18:58.689472','2025-08-15 13:18:58',1,'1bb8286e46ff40f6b65f4fe53f1876ef',47);
INSERT INTO token_blacklist_outstandingtoken VALUES('eyJhbGciOiJIUzI1NiIsInR5cCI6IkpXVCJ9.eyJ0b2tlbl90eXBlIjoicmVmcmVzaCIsImV4cCI6MTc1NTI2NTExOCwiaWF0IjoxNzM5NzEzMTE4LCJqdGkiOiJmMjg0NTlmNzk2M2M0MTc3YTEwYjA0MDQzY2VmZWRjOCIsInVzZXJfaWQiOjh9.gIO-zzItK5f47LsBKvJImMDHzU5olRx0f-xsxh7Lgwk','2025-02-16 13:38:38.727434','2025-08-15 13:38:38',8,'f28459f7963c4177a10b04043cefedc8',48);
INSERT INTO token_blacklist_outstandingtoken VALUES('eyJhbGciOiJIUzI1NiIsInR5cCI6IkpXVCJ9.eyJ0b2tlbl90eXBlIjoicmVmcmVzaCIsImV4cCI6MTc1NTI3NTcxNSwiaWF0IjoxNzM5NzIzNzE1LCJqdGkiOiJjZjc3MzU2NTMwZWE0YmE5OTljYjAwOWEwM2M2ZTFmOSIsInVzZXJfaWQiOjl9.11g7Via0_ZY1Kht-3QwJOJijWttvAuvlKuABdEUU9R0','2025-02-16 16:35:15.238153','2025-08-15 16:35:15',9,'cf77356530ea4ba999cb009a03c6e1f9',49);
INSERT INTO token_blacklist_outstandingtoken VALUES('eyJhbGciOiJIUzI1NiIsInR5cCI6IkpXVCJ9.eyJ0b2tlbl90eXBlIjoicmVmcmVzaCIsImV4cCI6MTc1NTI3NTc0MCwiaWF0IjoxNzM5NzIzNzQwLCJqdGkiOiI3NmViY2ZhYjNkNWI0Yjk2YmVmMDVlYTBlNzVmZGY5OSIsInVzZXJfaWQiOjl9.UysiG7yjSrB2NcmiD4JEgxB2AIXsx8Myj3L-TOprwMo','2025-02-16 16:35:40.891406','2025-08-15 16:35:40',9,'76ebcfab3d5b4b96bef05ea0e75fdf99',50);
INSERT INTO token_blacklist_outstandingtoken VALUES('eyJhbGciOiJIUzI1NiIsInR5cCI6IkpXVCJ9.eyJ0b2tlbl90eXBlIjoicmVmcmVzaCIsImV4cCI6MTc1NTI3OTU3NiwiaWF0IjoxNzM5NzI3NTc2LCJqdGkiOiJiOGMyZTZlNzY0NGI0NzJkODUwNTFhNDFmYjEwOTA2YyIsInVzZXJfaWQiOjl9.qsehYZRUCx6UxGrq5KUpAMkxVzEFhZGhZGrrSjnQPKc','2025-02-16 17:39:36.341557','2025-08-15 17:39:36',9,'b8c2e6e7644b472d85051a41fb10906c',51);
INSERT INTO token_blacklist_outstandingtoken VALUES('eyJhbGciOiJIUzI1NiIsInR5cCI6IkpXVCJ9.eyJ0b2tlbl90eXBlIjoicmVmcmVzaCIsImV4cCI6MTc1NTI3OTc3OCwiaWF0IjoxNzM5NzI3Nzc4LCJqdGkiOiJjOWM2YTYzNDQ2MzY0MjY4YTgzOGY4YjJiZjc0ZmM2NSIsInVzZXJfaWQiOjl9.C8D4zHcflAVQiuHBC1QXOStXw1FuEr1Bdib7uOFOZh8','2025-02-16 17:42:58.506787','2025-08-15 17:42:58',9,'c9c6a63446364268a838f8b2bf74fc65',52);
INSERT INTO token_blacklist_outstandingtoken VALUES('eyJhbGciOiJIUzI1NiIsInR5cCI6IkpXVCJ9.eyJ0b2tlbl90eXBlIjoicmVmcmVzaCIsImV4cCI6MTc1NTI3OTg5MiwiaWF0IjoxNzM5NzI3ODkyLCJqdGkiOiI2ZTY0MWU4Y2Q1M2E0OGM0ODJkYzg5NzdhYTI3ZDRiMyIsInVzZXJfaWQiOjl9.Qla6sRUyjZ4Mn8JN8g_p7pLmiUyN8zipb_jy6xxBmQY','2025-02-16 17:44:52.414399','2025-08-15 17:44:52',9,'6e641e8cd53a48c482dc8977aa27d4b3',53);
INSERT INTO token_blacklist_outstandingtoken VALUES('eyJhbGciOiJIUzI1NiIsInR5cCI6IkpXVCJ9.eyJ0b2tlbl90eXBlIjoicmVmcmVzaCIsImV4cCI6MTc1NTI4MDAzOSwiaWF0IjoxNzM5NzI4MDM5LCJqdGkiOiI3NzE5ZjRiNTFkZjc0ODljYjFmNDU5NjgzM2NlN2Y5MCIsInVzZXJfaWQiOjl9.1kKiJXrtcMDCI4-b2RBKZciMJP9paUtj7u4dyTOcR9Y','2025-02-16 17:47:19.818096','2025-08-15 17:47:19',9,'7719f4b51df7489cb1f4596833ce7f90',54);
INSERT INTO token_blacklist_outstandingtoken VALUES('eyJhbGciOiJIUzI1NiIsInR5cCI6IkpXVCJ9.eyJ0b2tlbl90eXBlIjoicmVmcmVzaCIsImV4cCI6MTc1NTI4MDA4NCwiaWF0IjoxNzM5NzI4MDg0LCJqdGkiOiJmMGJhZDdlYWI1MDQ0Mzk3OGY3YjM1MDRiMGJlNmI2NiIsInVzZXJfaWQiOjl9.3qoty6Olf23zyIsydpHnNuiT8g-u07ODtPa9dYlPZ78','2025-02-16 17:48:04.115308','2025-08-15 17:48:04',9,'f0bad7eab50443978f7b3504b0be6b66',55);
INSERT INTO token_blacklist_outstandingtoken VALUES('eyJhbGciOiJIUzI1NiIsInR5cCI6IkpXVCJ9.eyJ0b2tlbl90eXBlIjoicmVmcmVzaCIsImV4cCI6MTc1NTMzMTAzMywiaWF0IjoxNzM5Nzc5MDMzLCJqdGkiOiJhOTVjNTg1OGM2YTg0NDg3YTQ1NWE5ZDhlMTRiMTRiYiIsInVzZXJfaWQiOjIzfQ.ooc7_4_VNRfDh-kRZXHX-R-fP4FHuIlDwq8EwD943UQ','2025-02-17 07:57:13.605943','2025-08-16 07:57:13',23,'a95c5858c6a84487a455a9d8e14b14bb',56);
INSERT INTO token_blacklist_outstandingtoken VALUES('eyJhbGciOiJIUzI1NiIsInR5cCI6IkpXVCJ9.eyJ0b2tlbl90eXBlIjoicmVmcmVzaCIsImV4cCI6MTc1NTM0NTYwNCwiaWF0IjoxNzM5NzkzNjA0LCJqdGkiOiJkNWVhNDE3OTViNTQ0YzFhYjUwZjk0ZGE4ZWRjMDRhOSIsInVzZXJfaWQiOjIzfQ.mVRxrbjKuWd12l_nFTZ9SExKuCAtD_P5Xz-lBJ0EPXA','2025-02-17 12:00:04.693408','2025-08-16 12:00:04',23,'d5ea41795b544c1ab50f94da8edc04a9',57);
INSERT INTO token_blacklist_outstandingtoken VALUES('eyJhbGciOiJIUzI1NiIsInR5cCI6IkpXVCJ9.eyJ0b2tlbl90eXBlIjoicmVmcmVzaCIsImV4cCI6MTc1NTM0NjA5MiwiaWF0IjoxNzM5Nzk0MDkyLCJqdGkiOiI0MjYwZTI1M2Q2MzE0MzRiYjc0NjJhNGY2YzBmMWJmMyIsInVzZXJfaWQiOjIzfQ.Ke64HRo2Lca3sF8FzUm3lDavr5ylHTOTJx5Ef2_B-Ow','2025-02-17 12:08:12.304744','2025-08-16 12:08:12',23,'4260e253d631434bb7462a4f6c0f1bf3',58);
INSERT INTO token_blacklist_outstandingtoken VALUES('eyJhbGciOiJIUzI1NiIsInR5cCI6IkpXVCJ9.eyJ0b2tlbl90eXBlIjoicmVmcmVzaCIsImV4cCI6MTc1NTM0NjE3NCwiaWF0IjoxNzM5Nzk0MTc0LCJqdGkiOiIyNGE4NmRlZjAxZjc0MDgzODM1N2M5MjhhZGY4ZDM0ZCIsInVzZXJfaWQiOjIzfQ.IMgExMikF9mgkCzVOk6a-fZ1k20nJhjgLC6bVKeG0Jw','2025-02-17 12:09:34.254353','2025-08-16 12:09:34',23,'24a86def01f740838357c928adf8d34d',59);
INSERT INTO token_blacklist_outstandingtoken VALUES('eyJhbGciOiJIUzI1NiIsInR5cCI6IkpXVCJ9.eyJ0b2tlbl90eXBlIjoicmVmcmVzaCIsImV4cCI6MTc1NTM0NjQyNSwiaWF0IjoxNzM5Nzk0NDI1LCJqdGkiOiJkNjhlOGJkMDI3YzA0ZTIxYWUwNGI4YzMyNTgxOWY2MSIsInVzZXJfaWQiOjIzfQ.nclmblnhpIaQ1Dtb8HPumlbAUTrEj1shoC7EI48nKEU','2025-02-17 12:13:45.495243','2025-08-16 12:13:45',23,'d68e8bd027c04e21ae04b8c325819f61',60);
INSERT INTO token_blacklist_outstandingtoken VALUES('eyJhbGciOiJIUzI1NiIsInR5cCI6IkpXVCJ9.eyJ0b2tlbl90eXBlIjoicmVmcmVzaCIsImV4cCI6MTc1NTM0NjYyOCwiaWF0IjoxNzM5Nzk0NjI4LCJqdGkiOiIzOTgwZTY4MjliM2E0MWMxOTUyZTk2NDg0NGRiNTVkOSIsInVzZXJfaWQiOjIzfQ.c72146zuPrus3gCnIYhkmUOI3qsMjQi1b4UiixVKrgk','2025-02-17 12:17:08.804101','2025-08-16 12:17:08',23,'3980e6829b3a41c1952e964844db55d9',61);
INSERT INTO token_blacklist_outstandingtoken VALUES('eyJhbGciOiJIUzI1NiIsInR5cCI6IkpXVCJ9.eyJ0b2tlbl90eXBlIjoicmVmcmVzaCIsImV4cCI6MTc1NTM1MjA0OCwiaWF0IjoxNzM5ODAwMDQ4LCJqdGkiOiI0NWJjZGY2ZDRjZjU0MjhjYTE5ZGM2N2FlZGQ4ODRiNyIsInVzZXJfaWQiOjIzfQ.k25rxBkzseZxTg0gp_9Sf4whY2hfQfo-lD8mlF2Mw_U','2025-02-17 13:47:28.954000','2025-08-16 13:47:28',23,'45bcdf6d4cf5428ca19dc67aedd884b7',62);
INSERT INTO token_blacklist_outstandingtoken VALUES('eyJhbGciOiJIUzI1NiIsInR5cCI6IkpXVCJ9.eyJ0b2tlbl90eXBlIjoicmVmcmVzaCIsImV4cCI6MTc1NTM1NDYyOSwiaWF0IjoxNzM5ODAyNjI5LCJqdGkiOiI4NDhmOTJjN2EzNWQ0YmFkYTZiZmFmYTU2ZWIxMWFlMyIsInVzZXJfaWQiOjIzfQ.5fNO3nvgyvnKSPud8s8epIpvg1w_KR6AUJR6iV_bqkQ','2025-02-17 14:30:29.312268','2025-08-16 14:30:29',23,'848f92c7a35d4bada6bfafa56eb11ae3',63);
INSERT INTO token_blacklist_outstandingtoken VALUES('eyJhbGciOiJIUzI1NiIsInR5cCI6IkpXVCJ9.eyJ0b2tlbl90eXBlIjoicmVmcmVzaCIsImV4cCI6MTc1NTM1NTM2NSwiaWF0IjoxNzM5ODAzMzY1LCJqdGkiOiI0Nzc1MzViMzkwNTY0N2NiOWUxYmQ2MjAwNTI1YTZiMiIsInVzZXJfaWQiOjIzfQ.FaLsRnU6nIhxis88xwfEJcpjzPBGpwYDOgZMzCjrmZ8','2025-02-17 14:42:45.141250','2025-08-16 14:42:45',23,'477535b3905647cb9e1bd6200525a6b2',64);
INSERT INTO token_blacklist_outstandingtoken VALUES('eyJhbGciOiJIUzI1NiIsInR5cCI6IkpXVCJ9.eyJ0b2tlbl90eXBlIjoicmVmcmVzaCIsImV4cCI6MTc1NTM2NTY1MCwiaWF0IjoxNzM5ODEzNjUwLCJqdGkiOiI2N2M0MTlhNTU2NjI0OGRiOTQyM2I4MjA2NGRhZmI0YSIsInVzZXJfaWQiOjIzfQ.EfpwVuNk_pP7O9auE92UCm_eWwqjZBo7_X0fMddu3mU','2025-02-17 17:34:10.802667','2025-08-16 17:34:10',23,'67c419a5566248db9423b82064dafb4a',65);
INSERT INTO token_blacklist_outstandingtoken VALUES('eyJhbGciOiJIUzI1NiIsInR5cCI6IkpXVCJ9.eyJ0b2tlbl90eXBlIjoicmVmcmVzaCIsImV4cCI6MTc1NTM2NTk5NCwiaWF0IjoxNzM5ODEzOTk0LCJqdGkiOiJhNTliNTk3NjQ5NjQ0NTc1OWM4ZWNhZjBkMzZkYWU4ZSIsInVzZXJfaWQiOjIzfQ.OaJwUcg8gMe4RHyGQ76Y8bzAQDUuxwqPx84nlADokiQ','2025-02-17 17:39:54.102692','2025-08-16 17:39:54',23,'a59b5976496445759c8ecaf0d36dae8e',66);
INSERT INTO token_blacklist_outstandingtoken VALUES('eyJhbGciOiJIUzI1NiIsInR5cCI6IkpXVCJ9.eyJ0b2tlbl90eXBlIjoicmVmcmVzaCIsImV4cCI6MTc1NTM2NjMxNywiaWF0IjoxNzM5ODE0MzE3LCJqdGkiOiJhN2E2NjkyNjc0M2I0ODI0OGRjYzY4NjJmYjIxMjNhMiIsInVzZXJfaWQiOjIzfQ.5Fzmq7egw0woxoqQL2KXuzmpP0xt86v7kMQ7JU7mkCs','2025-02-17 17:45:17.860942','2025-08-16 17:45:17',23,'a7a66926743b48248dcc6862fb2123a2',67);
INSERT INTO token_blacklist_outstandingtoken VALUES('eyJhbGciOiJIUzI1NiIsInR5cCI6IkpXVCJ9.eyJ0b2tlbl90eXBlIjoicmVmcmVzaCIsImV4cCI6MTc1NTM2NzI0MCwiaWF0IjoxNzM5ODE1MjQwLCJqdGkiOiJkOTY5MGJhN2ViYjI0NWFkYTE1ODVkM2ZhYmYzOTViOCIsInVzZXJfaWQiOjIzfQ.uPsGtl-TQf1dt4v93rCbxQkN60vMrT7YDvPBLHsnoxU','2025-02-17 18:00:40.429280','2025-08-16 18:00:40',23,'d9690ba7ebb245ada1585d3fabf395b8',68);
INSERT INTO token_blacklist_outstandingtoken VALUES('eyJhbGciOiJIUzI1NiIsInR5cCI6IkpXVCJ9.eyJ0b2tlbl90eXBlIjoicmVmcmVzaCIsImV4cCI6MTc1NTM3NTM2NSwiaWF0IjoxNzM5ODIzMzY1LCJqdGkiOiJhNjRjM2FiOWY5Y2U0ZjExYjU1Y2MxMDNkZDljMjZkMSIsInVzZXJfaWQiOjIzfQ.titp3Y-ExpxwuwiycZydtJcBxJv8XW23OcOVeLIi_g0','2025-02-17 20:16:05.420494','2025-08-16 20:16:05',23,'a64c3ab9f9ce4f11b55cc103dd9c26d1',69);
INSERT INTO token_blacklist_outstandingtoken VALUES('eyJhbGciOiJIUzI1NiIsInR5cCI6IkpXVCJ9.eyJ0b2tlbl90eXBlIjoicmVmcmVzaCIsImV4cCI6MTc1NTM3NTc4NiwiaWF0IjoxNzM5ODIzNzg2LCJqdGkiOiI5YmM1MTQ0NWE3ZjE0OTNmYjIwMjk1ZmZlM2FlNTUwMCIsInVzZXJfaWQiOjIzfQ.WPLH8f26gfAE7AvkqbbPMvgBG0uA1ORQw1B5nY8Ri1Q','2025-02-17 20:23:06.822274','2025-08-16 20:23:06',23,'9bc51445a7f1493fb20295ffe3ae5500',70);
INSERT INTO token_blacklist_outstandingtoken VALUES('eyJhbGciOiJIUzI1NiIsInR5cCI6IkpXVCJ9.eyJ0b2tlbl90eXBlIjoicmVmcmVzaCIsImV4cCI6MTc1NTQxMDYxMiwiaWF0IjoxNzM5ODU4NjEyLCJqdGkiOiJlMmY4MTY3Mjk1YWY0NzFiYTQ5MWM5MzIzY2M1OTY4OCIsInVzZXJfaWQiOjI0fQ.uNT3rZdzMOGkZWQWPNtSjxzUM46JTc92sqhhH0Mm-Ks','2025-02-18 06:03:32.508387','2025-08-17 06:03:32',24,'e2f8167295af471ba491c9323cc59688',71);
INSERT INTO token_blacklist_outstandingtoken VALUES('eyJhbGciOiJIUzI1NiIsInR5cCI6IkpXVCJ9.eyJ0b2tlbl90eXBlIjoicmVmcmVzaCIsImV4cCI6MTc1NTQxNDMyNCwiaWF0IjoxNzM5ODYyMzI0LCJqdGkiOiI3MTA1Y2Q2N2RiZDM0NDcxYTU0ODQ3ZWU2MzMxNDdjNiIsInVzZXJfaWQiOjIzfQ.czjkVRM21FrZU3-xSOKq077eBmYNubljF9Phf-0CVv4','2025-02-18 07:05:24.128034','2025-08-17 07:05:24',23,'7105cd67dbd34471a54847ee633147c6',72);
INSERT INTO token_blacklist_outstandingtoken VALUES('eyJhbGciOiJIUzI1NiIsInR5cCI6IkpXVCJ9.eyJ0b2tlbl90eXBlIjoicmVmcmVzaCIsImV4cCI6MTc1NTQyNDQyNywiaWF0IjoxNzM5ODcyNDI3LCJqdGkiOiJhYWJmOWRmNTQxNzQ0OWUyOWU1YzIwNjZiOWI1MDNlZSIsInVzZXJfaWQiOjIzfQ.kCXgwC4KkMvyQZrFcwVTVaInAaJ4ooy9GZ56vQGQW8w','2025-02-18 09:53:47.653900','2025-08-17 09:53:47',23,'aabf9df5417449e29e5c2066b9b503ee',73);
INSERT INTO token_blacklist_outstandingtoken VALUES('eyJhbGciOiJIUzI1NiIsInR5cCI6IkpXVCJ9.eyJ0b2tlbl90eXBlIjoicmVmcmVzaCIsImV4cCI6MTc1NTQzMDU5OSwiaWF0IjoxNzM5ODc4NTk5LCJqdGkiOiJmMWRlNWZmMjNiNGY0NGI1OGJkYTllOGVkYmJmYTIxMyIsInVzZXJfaWQiOjIzfQ.sSe0v6w00VGi2yNWGIsJeLNSrUnhWSs36_gKx4L6MNQ','2025-02-18 11:36:39.082718','2025-08-17 11:36:39',23,'f1de5ff23b4f44b58bda9e8edbbfa213',74);
INSERT INTO token_blacklist_outstandingtoken VALUES('eyJhbGciOiJIUzI1NiIsInR5cCI6IkpXVCJ9.eyJ0b2tlbl90eXBlIjoicmVmcmVzaCIsImV4cCI6MTc1NTQzMjA3MiwiaWF0IjoxNzM5ODgwMDcyLCJqdGkiOiI5NGYzMTA3ZTA3NjE0NTFiOTAyNjQ3YWJmNGEzMmQzYSIsInVzZXJfaWQiOjIzfQ.NgqyzJituFg5dqfmH2oR7DNa-CJ0Yxd1ApWuimH3JW4','2025-02-18 12:01:12.953033','2025-08-17 12:01:12',23,'94f3107e0761451b902647abf4a32d3a',75);
INSERT INTO token_blacklist_outstandingtoken VALUES('eyJhbGciOiJIUzI1NiIsInR5cCI6IkpXVCJ9.eyJ0b2tlbl90eXBlIjoicmVmcmVzaCIsImV4cCI6MTc1NTQzMjgzMywiaWF0IjoxNzM5ODgwODMzLCJqdGkiOiJmNGUyZGQ3OTMzNWE0YWY3YWVjZWI5NGVhZjk3MGRlNSIsInVzZXJfaWQiOjIzfQ.9dvnAUSUYqDTPy91VT377KbtlViAsYwsPKHbKVZN93w','2025-02-18 12:13:53.313338','2025-08-17 12:13:53',23,'f4e2dd79335a4af7aeceb94eaf970de5',76);
INSERT INTO token_blacklist_outstandingtoken VALUES('eyJhbGciOiJIUzI1NiIsInR5cCI6IkpXVCJ9.eyJ0b2tlbl90eXBlIjoicmVmcmVzaCIsImV4cCI6MTc1NTQ0MjEzMywiaWF0IjoxNzM5ODkwMTMzLCJqdGkiOiIwZTljMTFhY2ZlOWE0MzFmOTEyMDI5YWFmNmQyYWUxMCIsInVzZXJfaWQiOjI1fQ.XloVGFPX12hfUuEwgMdesI-iDsJhBaA6QRkWajRQdw0','2025-02-18 14:48:53.241641','2025-08-17 14:48:53',25,'0e9c11acfe9a431f912029aaf6d2ae10',77);
INSERT INTO token_blacklist_outstandingtoken VALUES('eyJhbGciOiJIUzI1NiIsInR5cCI6IkpXVCJ9.eyJ0b2tlbl90eXBlIjoicmVmcmVzaCIsImV4cCI6MTc1NTQ5OTA1MiwiaWF0IjoxNzM5OTQ3MDUyLCJqdGkiOiI0ZGNmNmY2ZDNiOGI0ZjM4YjA0ZDAxNmY2MDNiNTI2MSIsInVzZXJfaWQiOjIzfQ.Jrpz87aKd81YWzgzypy7C0EeSzRPbp1J_wEvJLzjRGU','2025-02-19 06:37:32.914537','2025-08-18 06:37:32',23,'4dcf6f6d3b8b4f38b04d016f603b5261',78);
INSERT INTO token_blacklist_outstandingtoken VALUES('eyJhbGciOiJIUzI1NiIsInR5cCI6IkpXVCJ9.eyJ0b2tlbl90eXBlIjoicmVmcmVzaCIsImV4cCI6MTc1NTUwOTYwNCwiaWF0IjoxNzM5OTU3NjA0LCJqdGkiOiIyMzc2ZTQ1OGMwZWU0N2YwYjZhYzlmZjU4YzA2MWRiZSIsInVzZXJfaWQiOjIzfQ.VkZGCC4yzmDfB31gPrJlIZZqJlBInidlW7bWPg8Q7kE','2025-02-19 09:33:24.040042','2025-08-18 09:33:24',23,'2376e458c0ee47f0b6ac9ff58c061dbe',79);
INSERT INTO token_blacklist_outstandingtoken VALUES('eyJhbGciOiJIUzI1NiIsInR5cCI6IkpXVCJ9.eyJ0b2tlbl90eXBlIjoicmVmcmVzaCIsImV4cCI6MTc1NTYxMzUyMSwiaWF0IjoxNzQwMDYxNTIxLCJqdGkiOiJlYTVhZDFiY2JmYWU0MGIxYjA1N2UwYTE3MDQ3NWE0NiIsInVzZXJfaWQiOjIzfQ.P3xJIWOHGcECSolxrWZdROSYp0p_Q7dL32ucqo2VYXE','2025-02-20 14:25:21.153009','2025-08-19 14:25:21',23,'ea5ad1bcbfae40b1b057e0a170475a46',80);
INSERT INTO token_blacklist_outstandingtoken VALUES('eyJhbGciOiJIUzI1NiIsInR5cCI6IkpXVCJ9.eyJ0b2tlbl90eXBlIjoicmVmcmVzaCIsImV4cCI6MTc1NTYyNzI5MSwiaWF0IjoxNzQwMDc1MjkxLCJqdGkiOiJjMjI3ZmMzYzQxYjA0NDhjYWE4M2RkY2ZkMzAyMTQ0NCIsInVzZXJfaWQiOjIzfQ.k1jiGEu_CaFfmcVF9PV8uaKWy6_YFU6ddhkgbexWW_8','2025-02-20 18:14:51.897696','2025-08-19 18:14:51',23,'c227fc3c41b0448caa83ddcfd3021444',81);
INSERT INTO token_blacklist_outstandingtoken VALUES('eyJhbGciOiJIUzI1NiIsInR5cCI6IkpXVCJ9.eyJ0b2tlbl90eXBlIjoicmVmcmVzaCIsImV4cCI6MTc1NTc4MzIyOCwiaWF0IjoxNzQwMjMxMjI4LCJqdGkiOiI5N2NkNGY1M2NiYzU0ZTI5YWMxNGI3ZGNmODU3ZDUyMyIsInVzZXJfaWQiOjIzfQ.WN8QMUS6sqiCGSEK6_abjVcTEQU9IdbrC5ijTWPUBIg','2025-02-22 13:33:48.513302','2025-08-21 13:33:48',23,'97cd4f53cbc54e29ac14b7dcf857d523',82);
INSERT INTO token_blacklist_outstandingtoken VALUES('eyJhbGciOiJIUzI1NiIsInR5cCI6IkpXVCJ9.eyJ0b2tlbl90eXBlIjoicmVmcmVzaCIsImV4cCI6MTc1NTc4NTM3OSwiaWF0IjoxNzQwMjMzMzc5LCJqdGkiOiIzMjgzZGJhMTQxMjk0Y2ZkYTRjNGZlZTYzMWZlMGZmOCIsInVzZXJfaWQiOjIzfQ.kC14CiiRC9dYHkalUZFy1YmYzlgcWpxe-czIF23RWjw','2025-02-22 14:09:39.024152','2025-08-21 14:09:39',23,'3283dba141294cfda4c4fee631fe0ff8',83);
INSERT INTO token_blacklist_outstandingtoken VALUES('eyJhbGciOiJIUzI1NiIsInR5cCI6IkpXVCJ9.eyJ0b2tlbl90eXBlIjoicmVmcmVzaCIsImV4cCI6MTc1NTc4NTU3NywiaWF0IjoxNzQwMjMzNTc3LCJqdGkiOiI0MTY1NTU2OGM1MTk0YmVlOWFlMmNlZjI5MDAxNWY4ZiIsInVzZXJfaWQiOjIzfQ.gZ8u-OzpHU30x7EeMg7X_tUur32kfRQ-lg1SVJMd2M4','2025-02-22 14:12:57.786620','2025-08-21 14:12:57',23,'41655568c5194bee9ae2cef290015f8f',84);
INSERT INTO token_blacklist_outstandingtoken VALUES('eyJhbGciOiJIUzI1NiIsInR5cCI6IkpXVCJ9.eyJ0b2tlbl90eXBlIjoicmVmcmVzaCIsImV4cCI6MTc1NTc5NjIxNywiaWF0IjoxNzQwMjQ0MjE3LCJqdGkiOiIwZTUxZTEyODcyYTA0ODhkYjljMTQyMmM3MmZjYzc3NCIsInVzZXJfaWQiOjIzfQ.JacVuIGNWuqMWHW6SccTgKzcScO9I7TsOEucTnStD3k','2025-02-22 17:10:17.077549','2025-08-21 17:10:17',23,'0e51e12872a0488db9c1422c72fcc774',85);
INSERT INTO token_blacklist_outstandingtoken VALUES('eyJhbGciOiJIUzI1NiIsInR5cCI6IkpXVCJ9.eyJ0b2tlbl90eXBlIjoicmVmcmVzaCIsImV4cCI6MTc1NTg1Nzc0MSwiaWF0IjoxNzQwMzA1NzQxLCJqdGkiOiJlZTg0ZTE1YzFkYjU0YmI3YmU1ZmFkNGY3NWI4NDRjNSIsInVzZXJfaWQiOjIzfQ.W0DlaqmMHbJKJhwM-hA716gDFkhRLiGvNcxkzwZeO4E','2025-02-23 10:15:41.570769','2025-08-22 10:15:41',23,'ee84e15c1db54bb7be5fad4f75b844c5',86);
INSERT INTO token_blacklist_outstandingtoken VALUES('eyJhbGciOiJIUzI1NiIsInR5cCI6IkpXVCJ9.eyJ0b2tlbl90eXBlIjoicmVmcmVzaCIsImV4cCI6MTc1NTg1OTA5MCwiaWF0IjoxNzQwMzA3MDkwLCJqdGkiOiJhODM2Y2RkYjQxMzU0MjZmODVhMzMyYjhhMzRlMTg4MiIsInVzZXJfaWQiOjIzfQ.VLyFUUh4rvY7-mgU6bZwg_zPNQggyEEVbn4vR3QJY9k','2025-02-23 10:38:10.824288','2025-08-22 10:38:10',23,'a836cddb4135426f85a332b8a34e1882',87);
INSERT INTO token_blacklist_outstandingtoken VALUES('eyJhbGciOiJIUzI1NiIsInR5cCI6IkpXVCJ9.eyJ0b2tlbl90eXBlIjoicmVmcmVzaCIsImV4cCI6MTc1NTg2MTM3OCwiaWF0IjoxNzQwMzA5Mzc4LCJqdGkiOiIzOWM5YjkxZGE2NTA0YTI2YjAzYWQyYWJjODg1YWEzZCIsInVzZXJfaWQiOjIzfQ.aU82KQu66M1rimwsOO5_nF9IXB_EOX8EoX6q68edft8','2025-02-23 11:16:18.152789','2025-08-22 11:16:18',23,'39c9b91da6504a26b03ad2abc885aa3d',88);
INSERT INTO token_blacklist_outstandingtoken VALUES('eyJhbGciOiJIUzI1NiIsInR5cCI6IkpXVCJ9.eyJ0b2tlbl90eXBlIjoicmVmcmVzaCIsImV4cCI6MTc1NjEzNzY3NCwiaWF0IjoxNzQwNTg1Njc0LCJqdGkiOiJlYzJlMzRiODlhZWE0OGJjYWU0MDRmYzhhNzQ4Y2QxZCIsInVzZXJfaWQiOjIzfQ.TxE3g0RKJicaNIQB3ZOlT3tWVCg-Q3f4yFDAXKTt_BM','2025-02-26 16:01:14.428879','2025-08-25 16:01:14',23,'ec2e34b89aea48bcae404fc8a748cd1d',89);
INSERT INTO token_blacklist_outstandingtoken VALUES('eyJhbGciOiJIUzI1NiIsInR5cCI6IkpXVCJ9.eyJ0b2tlbl90eXBlIjoicmVmcmVzaCIsImV4cCI6MTc1NjMxNjYxMCwiaWF0IjoxNzQwNzY0NjEwLCJqdGkiOiIzOTE3Y2ZlM2YzOGM0ZmRkYTM4MzkwMjEzNTY5MzRhNiIsInVzZXJfaWQiOjIzfQ.BK57bTyrVRVh3N4D0FvjuOpy9TqValRGD0qzMXEKalw','2025-02-28 17:43:30.471813','2025-08-27 17:43:30',23,'3917cfe3f38c4fdda3839021356934a6',90);
INSERT INTO token_blacklist_outstandingtoken VALUES('eyJhbGciOiJIUzI1NiIsInR5cCI6IkpXVCJ9.eyJ0b2tlbl90eXBlIjoicmVmcmVzaCIsImV4cCI6MTc1NjMyMDIxMCwiaWF0IjoxNzQwNzY4MjEwLCJqdGkiOiIyYTczYmRmMzRmNGE0YWMzYmYzMjI3OGRiMjRlMzMxNCIsInVzZXJfaWQiOjIzfQ.Cq_fHKJJlE5K_T0bZzv0HO-xm-7tndp2LinU30dT3w4','2025-02-28 18:43:30.811791','2025-08-27 18:43:30',23,'2a73bdf34f4a4ac3bf32278db24e3314',91);
INSERT INTO token_blacklist_outstandingtoken VALUES('eyJhbGciOiJIUzI1NiIsInR5cCI6IkpXVCJ9.eyJ0b2tlbl90eXBlIjoicmVmcmVzaCIsImV4cCI6MTc1NjMyMTUyNywiaWF0IjoxNzQwNzY5NTI3LCJqdGkiOiI2MDRkOTJkMTBmZjk0YmE3YjM5NDM5NjU1NWUxZTE3ZiIsInVzZXJfaWQiOjIzfQ.qyD1jgnKp92puBYILVTCtHMAXgPxBpBzfHnfWUoY3r4','2025-02-28 19:05:27.568503','2025-08-27 19:05:27',23,'604d92d10ff94ba7b394396555e1e17f',92);
CREATE TABLE IF NOT EXISTS "accounts_blacklistedtoken" ("id" integer NOT NULL PRIMARY KEY SERIAL, "token" varchar(500) NOT NULL UNIQUE, "blacklisted_at" datetime NOT NULL);
CREATE TABLE IF NOT EXISTS "market_category" ("id" integer NOT NULL PRIMARY KEY SERIAL, "name" varchar(100) NOT NULL, "description" text NULL);
INSERT INTO market_category VALUES(1,'Céréales',NULL);
INSERT INTO market_category VALUES(2,'Légumes',NULL);
INSERT INTO market_category VALUES(3,'Fruit',NULL);
CREATE TABLE IF NOT EXISTS "market_order" ("id" integer NOT NULL PRIMARY KEY SERIAL, "total_price" decimal NOT NULL, "status" varchar(20) NOT NULL, "created_at" datetime NOT NULL, "updated_at" datetime NOT NULL, "buyer_id" bigint NOT NULL REFERENCES "accounts_user" ("id") DEFERRABLE INITIALLY DEFERRED);
INSERT INTO market_order VALUES(1,100,'PG','2025-02-04 20:42:02.992857','2025-02-04 20:42:02.992893',5);
INSERT INTO market_order VALUES(2,100,'PG','2025-02-04 20:50:35.157919','2025-02-04 20:50:35.157953',5);
INSERT INTO market_order VALUES(3,100,'PG','2025-02-05 16:19:07.764379','2025-02-05 16:19:07.764408',2);
INSERT INTO market_order VALUES(4,1,'PG','2025-02-05 18:56:10.961574','2025-02-05 18:56:10.961604',6);
CREATE TABLE IF NOT EXISTS "market_paymentmethod" ("id" integer NOT NULL PRIMARY KEY SERIAL, "method" varchar(2) NOT NULL, "identifier" varchar(100) NOT NULL, "is_primary" bool NOT NULL, "user_id" bigint NOT NULL REFERENCES "accounts_user" ("id") DEFERRABLE INITIALLY DEFERRED);
CREATE TABLE IF NOT EXISTS "market_payment" ("id" integer NOT NULL PRIMARY KEY SERIAL, "transaction_id" char(32) NOT NULL UNIQUE, "amount" decimal NOT NULL, "status" varchar(20) NOT NULL, "created_at" datetime NOT NULL, "updated_at" datetime NOT NULL, "order_id" bigint NOT NULL UNIQUE REFERENCES "market_order" ("id") DEFERRABLE INITIALLY DEFERRED, "payment_method_id" bigint NULL REFERENCES "market_paymentmethod" ("id") DEFERRABLE INITIALLY DEFERRED);
CREATE TABLE IF NOT EXISTS "market_product" ("id" integer NOT NULL PRIMARY KEY SERIAL, "name" varchar(200) NOT NULL, "description" text NOT NULL, "price" decimal NOT NULL, "quantity" integer unsigned NOT NULL CHECK ("quantity" >= 0), "unit_of_measure" varchar(2) NOT NULL, "condition" varchar(2) NOT NULL, "image" varchar(100) NULL, "is_active" bool NOT NULL, "created_at" datetime NOT NULL, "updated_at" datetime NOT NULL, "category_id" bigint NULL REFERENCES "market_category" ("id") DEFERRABLE INITIALLY DEFERRED, "seller_id" bigint NOT NULL REFERENCES "accounts_user" ("id") DEFERRABLE INITIALLY DEFERRED);
INSERT INTO market_product VALUES(1,'Maïs','This field is required.',100,0,'KG','F','images/products/mais.jpeg',1,'2025-02-04 07:08:47.002894','2025-02-16 13:28:00.419309',NULL,2);
INSERT INTO market_product VALUES(2,'Oranges','This field is required.',100,1,'KG','F','images/products/oranges.jpeg',1,'2025-02-04 09:22:29.080493','2025-02-16 13:28:41.277468',NULL,2);
INSERT INTO market_product VALUES(3,'Tomates','This field is required.',100,0,'KG','F','images/products/tomates.jpeg',1,'2025-02-04 09:44:33.852351','2025-02-16 13:23:38.457094',NULL,2);
INSERT INTO market_product VALUES(4,'Ananas','L''ananas est un fruit tropical délicieux et rafraîchissant, connu pour sa saveur sucrée et acidulée. Il est riche en vitamines et en enzymes bénéfiques pour la santé.',40,2,'KG','F','images/products/ananas.jpeg',1,'2025-02-04 09:56:03.094253','2025-02-16 13:26:00.522262',NULL,2);
INSERT INTO market_product VALUES(5,'Haricots','L''ananas est un fruit tropical délicieux et rafraîchissant, connu pour sa chair juteuse et son goût sucré et acidulé. Il est riche en vitamines et en antioxydants, ce qui en fait un choix sain et savoureux.',1,19,'KG','F','images/products/haricots_h04BLDH.jpeg',1,'2025-02-04 09:58:36.606612','2025-02-16 13:26:40.209309',NULL,2);
INSERT INTO market_product VALUES(6,'mais','This field is required.',100,0,'KG','F','images/products/screencapture-revocalize-ai-ai-voice-generator-2025-01-28-15_23_11_bhDLPyk.png',1,'2025-02-04 10:11:33.368693','2025-02-05 16:19:07.767274',NULL,2);
INSERT INTO market_product VALUES(7,'mais','This field is required.',100,1,'KG','F','images/products/screencapture-revocalize-ai-ai-voice-generator-2025-01-28-15_23_11_K3HPWgX.png',1,'2025-02-04 10:11:41.953520','2025-02-04 10:11:41.953547',NULL,2);
CREATE TABLE IF NOT EXISTS "market_orderitem" ("id" integer NOT NULL PRIMARY KEY SERIAL, "quantity" integer unsigned NOT NULL CHECK ("quantity" >= 0), "price" decimal NOT NULL, "order_id" bigint NOT NULL REFERENCES "market_order" ("id") DEFERRABLE INITIALLY DEFERRED, "product_id" bigint NOT NULL REFERENCES "market_product" ("id") DEFERRABLE INITIALLY DEFERRED);
INSERT INTO market_orderitem VALUES(1,1,100,1,1);
INSERT INTO market_orderitem VALUES(2,1,100,2,3);
INSERT INTO market_orderitem VALUES(3,1,100,3,6);
INSERT INTO market_orderitem VALUES(4,1,1,4,5);
CREATE TABLE IF NOT EXISTS "accounts_role" ("id" integer NOT NULL PRIMARY KEY SERIAL, "name" varchar(2) NOT NULL);
CREATE TABLE IF NOT EXISTS "accounts_user_roles" ("id" integer NOT NULL PRIMARY KEY SERIAL, "user_id" bigint NOT NULL REFERENCES "accounts_user" ("id") DEFERRABLE INITIALLY DEFERRED, "role_id" bigint NOT NULL REFERENCES "accounts_role" ("id") DEFERRABLE INITIALLY DEFERRED);
CREATE TABLE IF NOT EXISTS "accounts_user" ("id" integer NOT NULL PRIMARY KEY SERIAL, "password" varchar(128) NOT NULL, "last_login" datetime NULL, "is_superuser" bool NOT NULL, "first_name" varchar(150) NOT NULL, "last_name" varchar(150) NOT NULL, "is_staff" bool NOT NULL, "is_active" bool NOT NULL, "date_joined" datetime NOT NULL, "email" varchar(254) NOT NULL UNIQUE, "date_of_birth" date NULL, "phone_number" varchar(15) NOT NULL, "image" varchar(100) NULL, "username" varchar(150) NOT NULL UNIQUE);
INSERT INTO accounts_user VALUES(1,'pbkdf2_sha256$870000$0InglOtUNAEUEEWQCAy4Nc$RY2t4OrYJOjDr61spzXs0Gs0NYa7t120HZsJrJPeXuA=','2025-02-16 13:18:58.692995',0,'','',0,1,'2025-02-02 16:44:57.069187','antaresmugisho@gmail.com',NULL,'',NULL,'Antares');
INSERT INTO accounts_user VALUES(2,'pbkdf2_sha256$870000$J3NLNgtetojh2iodOfD70i$+M9t7isVRZc/Kb9mCFtClSBgSIVsmtgTRWo2J8cCFss=','2025-02-05 16:17:45.882513',0,'','',0,1,'2025-02-03 13:57:08.007111','princelulinda@gmail.com',NULL,'',NULL,'prince');
INSERT INTO accounts_user VALUES(3,'pbkdf2_sha256$870000$6v7OwhMPvi14BnURGa0hzc$FAghJBktOoOlxXM7twsKLBkKyycOB5Sr3aRN6IWuah8=','2025-02-03 18:28:56.394736',0,'','',0,1,'2025-02-03 14:12:43.335446','prince@p.com',NULL,'',NULL,'crespo');
INSERT INTO accounts_user VALUES(4,'pbkdf2_sha256$870000$9jgD4yhDSJ0LD643nqN1l9$YxfN9eS8zS4bhZTFC1hJX+Mh9I2ogd//LdyYuHlR7Yk=',NULL,0,'','',0,1,'2025-02-03 14:23:20.735797','princelulindacrespo@gmail.com',NULL,'',NULL,'Prince');
INSERT INTO accounts_user VALUES(5,'pbkdf2_sha256$870000$W3J4Tm74cxIMVb9gNZuuYX$BXrc+IpEblLIV+z3xVVzEyf0ETqpS/e0evFBFP20InY=','2025-02-04 17:42:33.205772',0,'','',0,1,'2025-02-04 17:42:03.724002','princelulinda1@gmail.com',NULL,'',NULL,'prince1');
INSERT INTO accounts_user VALUES(6,'pbkdf2_sha256$870000$FA4Duv5EWytmTAFKHmQfZ4$duRdB0hgUAWEEXIbKTsXtazWe13Vmggbt/DRK0CFWmg=','2025-02-05 18:16:53.644824',0,'','',0,1,'2025-02-05 18:16:06.873399','antares@artrev.net',NULL,'',NULL,'antares');
INSERT INTO accounts_user VALUES(7,'pbkdf2_sha256$870000$SRHtcUHzOWeCD57edqHjFC$UopqBXQfVSX33bONOnULp/gbnWBCSVdW2R6/QwT845Q=','2025-02-13 08:43:03.342888',0,'','',0,1,'2025-02-13 08:36:38.173855','princelulinda+1@gmail.com',NULL,'',NULL,'prince2');
INSERT INTO accounts_user VALUES(8,'pbkdf2_sha256$870000$0iZ7vYr76OzJDQO9u2WmP5$6TY669GwIC4K12tl0f1aMOr9npSNW9aMzlH0S1eiht4=','2025-02-16 13:38:38.729601',0,'','',0,1,'2025-02-16 13:31:02.441152','antaresmug@gmail.com',NULL,'',NULL,'Olivier');
INSERT INTO accounts_user VALUES(9,'pbkdf2_sha256$870000$RccAWNLIhanKg1004FKExW$UrVUki4fs4jzCPPJHHrg9tOado8pyTbvRA5en2SZTEo=','2025-02-16 17:48:04.117797',0,'','',0,1,'2025-02-16 16:28:58.685103','el@gmail.com',NULL,'',NULL,'Elie_mugisa');
INSERT INTO accounts_user VALUES(10,'pbkdf2_sha256$870000$iYbxga36ZPdOniuhgJCZEi$oGdLibUJpHle8qtJrLzBOeyvhDTJDje9rmk99uP8eWU=',NULL,0,'','',0,1,'2025-02-16 19:01:02.484195','poto@gmail.com',NULL,'',NULL,'poto_poto');
INSERT INTO accounts_user VALUES(11,'pbkdf2_sha256$870000$xPEJFiyxSdGKAAPwnVZuhl$4biEtwIpzycrq8vWrLRXLVA9gMm6U7jZwKXY7tmwW40=',NULL,0,'','',0,1,'2025-02-16 19:16:26.548115','elo@gmail.com',NULL,'',NULL,'Elie_mugisho');
INSERT INTO accounts_user VALUES(12,'pbkdf2_sha256$870000$NfqyDYxncp63vsKtYT647t$QyUmwWsmG9f55EOjmouDMJR5rqZznHbOFYZZotGnXrw=',NULL,0,'','',0,1,'2025-02-16 19:19:35.946794','pato@gmail.com',NULL,'',NULL,'poto_pato');
INSERT INTO accounts_user VALUES(13,'pbkdf2_sha256$870000$a033toNMX0JHKjuoejhske$bFa/xXUZBO70X4m/l5yfrLqBWyCIm7gp6NVp5jGPKXg=',NULL,0,'','',0,1,'2025-02-16 19:21:02.918970','pata@gmail.com',NULL,'',NULL,'pota_pato');
INSERT INTO accounts_user VALUES(14,'pbkdf2_sha256$870000$WhspwrzTMFdgLGaurrhazj$DsOuWKkAzE7bsmZZzHQlMaLAfdzeGxYcIEu9oPZQScE=',NULL,0,'','',0,1,'2025-02-16 19:21:30.268793','mata@gmail.com',NULL,'',NULL,'mota_pato');
INSERT INTO accounts_user VALUES(15,'pbkdf2_sha256$870000$nsnrrmlyzJhnNKf5er5mnh$9vFwuzc5b3vK8NtONA30xnyxrWOJY3HM0Jc70tuPMxc=',NULL,0,'','',0,1,'2025-02-16 19:22:43.882272','mam@gmail.com',NULL,'',NULL,'mam_mam');
INSERT INTO accounts_user VALUES(16,'pbkdf2_sha256$870000$fhloun49zGviN50z0thfmd$DDWyvRdrUpKqz70SNkRm7f8ivAwWrqtc9+0ObJgpqJk=',NULL,0,'','',0,1,'2025-02-16 19:23:25.256825','mama@gmail.com',NULL,'',NULL,'mama_mama');
INSERT INTO accounts_user VALUES(17,'pbkdf2_sha256$870000$1ViK0fj5zqB12MgNnOtbEu$ertKjpvziAFJDQPg6t0mWaMg/Mcw0waoTejgPsd2FFo=',NULL,0,'','',0,1,'2025-02-16 19:47:10.743184','mister@gmail.com',NULL,'',NULL,'mister_m10');
INSERT INTO accounts_user VALUES(18,'pbkdf2_sha256$870000$cEEpaNNfs4QDXtQCYgYkBg$nzsb5fuV4DMSXxvRgQrMfqWj9XkOJNIeclMFsp22Deo=',NULL,0,'','',0,1,'2025-02-16 20:14:30.592633','mob@gmai.com',NULL,'',NULL,'mobile');
INSERT INTO accounts_user VALUES(19,'pbkdf2_sha256$870000$Ed55MVKuXBXvhbZ9u7K3VX$5NdSPenAJTN2WmhN5cV1IpzthLD3Ky+4UuNhhdTM82s=',NULL,0,'','',0,1,'2025-02-16 20:14:51.356246','mbi@gmai.com',NULL,'',NULL,'mobilo10');
INSERT INTO accounts_user VALUES(20,'pbkdf2_sha256$870000$YFCBKqghBIQEaKCiEvCZQT$SDJaLwAAq6V4F3r65RiNULc2ci0kbnFKhjCIz4kn+8Y=',NULL,0,'','',0,1,'2025-02-16 20:15:21.971092','mbo@gmai.com',NULL,'',NULL,'mobilo_m12');
INSERT INTO accounts_user VALUES(21,'pbkdf2_sha256$870000$bSGn43aeUmdZvhwSA9Mzes$mplCDd6/MezBl8FTc9AfSbEX5Oqz1xWuSeBPcB41Wx4=',NULL,0,'','',0,1,'2025-02-16 20:23:24.144841','yoka@gmail.com',NULL,'',NULL,'yoka');
INSERT INTO accounts_user VALUES(22,'pbkdf2_sha256$870000$GZuboEjnnGuzShk7gAzf38$U7AjQrcLJ4NvzP7CnrOLBM2KnCsn+m5hhfwxk0xH2XM=',NULL,0,'','',0,1,'2025-02-17 07:52:40.531952','ell@gmail.com',NULL,'',NULL,'Ell');
INSERT INTO accounts_user VALUES(23,'pbkdf2_sha256$870000$f7BuOqWDmZT1YoFTUQ0t5q$fh+aIxQNgANoftzya4PaGlqZA63VB0VSCAXCwShDni8=','2025-02-28 19:05:27.571148',0,'','',0,1,'2025-02-17 07:54:12.779076','lui@gmail.com',NULL,'',NULL,'lui');
INSERT INTO accounts_user VALUES(24,'pbkdf2_sha256$870000$0eZqJZ8TrAxKTuQzqjEGZA$H3X0155NUabuGfArV/RYpZhE0F7Fb7FZqW4Q3UcIxx0=','2025-02-18 06:03:32.510250',0,'','',0,1,'2025-02-18 06:02:13.386526','xavi@gmail.com',NULL,'',NULL,'xavi_meme');
INSERT INTO accounts_user VALUES(25,'pbkdf2_sha256$870000$gGb838yVg8rEdUB520Cv7K$36rT0PJ63YqpNjbj6E3wXqBCMjLwiQ/SYA0afwJbVcM=','2025-02-18 14:48:53.244112',0,'','',0,1,'2025-02-18 14:48:18.807002','oli@gmail.com',NULL,'',NULL,'Oli');
INSERT INTO accounts_user VALUES(26,'pbkdf2_sha256$870000$BDeAwcS9hS9XY83QQhVQkI$ICIzAUBpEFmwWBEtDaEQQMq1nONgrucqHbFSFwJawOg=',NULL,0,'','',0,1,'2025-03-01 18:50:48.381976','antares22@gmail.com',NULL,'','','antares22@gmail.com');

CREATE UNIQUE INDEX "django_content_type_app_label_model_76bd3d3b_uniq" ON "django_content_type" ("app_label", "model");
CREATE UNIQUE INDEX "auth_group_permissions_group_id_permission_id_0cd325b0_uniq" ON "auth_group_permissions" ("group_id", "permission_id");
CREATE INDEX "auth_group_permissions_group_id_b120cbf9" ON "auth_group_permissions" ("group_id");
CREATE INDEX "auth_group_permissions_permission_id_84c5c92e" ON "auth_group_permissions" ("permission_id");
CREATE UNIQUE INDEX "auth_permission_content_type_id_codename_01ab375a_uniq" ON "auth_permission" ("content_type_id", "codename");
CREATE INDEX "auth_permission_content_type_id_2f476e4b" ON "auth_permission" ("content_type_id");
CREATE UNIQUE INDEX "accounts_user_groups_user_id_group_id_59c0b32f_uniq" ON "accounts_user_groups" ("user_id", "group_id");
CREATE INDEX "accounts_user_groups_user_id_52b62117" ON "accounts_user_groups" ("user_id");
CREATE INDEX "accounts_user_groups_group_id_bd11a704" ON "accounts_user_groups" ("group_id");
CREATE UNIQUE INDEX "accounts_user_user_permissions_user_id_permission_id_2ab516c2_uniq" ON "accounts_user_user_permissions" ("user_id", "permission_id");
CREATE INDEX "accounts_user_user_permissions_user_id_e4f0a161" ON "accounts_user_user_permissions" ("user_id");
CREATE INDEX "accounts_user_user_permissions_permission_id_113bb443" ON "accounts_user_user_permissions" ("permission_id");
CREATE INDEX "django_admin_log_content_type_id_c4bce8eb" ON "django_admin_log" ("content_type_id");
CREATE INDEX "django_admin_log_user_id_c564eba6" ON "django_admin_log" ("user_id");
CREATE INDEX "django_session_expire_date_a5c62663" ON "django_session" ("expire_date");
CREATE INDEX "token_blacklist_outstandingtoken_user_id_83bc629a" ON "token_blacklist_outstandingtoken" ("user_id");
CREATE INDEX "market_order_buyer_id_4cc597bc" ON "market_order" ("buyer_id");
CREATE INDEX "market_paymentmethod_user_id_64898319" ON "market_paymentmethod" ("user_id");
CREATE INDEX "market_payment_payment_method_id_6deaa344" ON "market_payment" ("payment_method_id");
CREATE INDEX "market_product_category_id_68f368e0" ON "market_product" ("category_id");
CREATE INDEX "market_product_seller_id_9aa9504b" ON "market_product" ("seller_id");
CREATE INDEX "market_orderitem_order_id_c1721cac" ON "market_orderitem" ("order_id");
CREATE INDEX "market_orderitem_product_id_ce40d2a9" ON "market_orderitem" ("product_id");
CREATE UNIQUE INDEX "accounts_user_roles_user_id_role_id_d36f9c32_uniq" ON "accounts_user_roles" ("user_id", "role_id");
CREATE INDEX "accounts_user_roles_user_id_5c537963" ON "accounts_user_roles" ("user_id");
CREATE INDEX "accounts_user_roles_role_id_3be0e909" ON "accounts_user_roles" ("role_id");
